date,state,home_team,away_team,home_score,away_score,neutral,is_forfeit,name_source,match_url,contest_id,home_team_id,away_team_id,home_rank,away_rank,pk_winner,is_deleted
2026-08-03,UT,Clearfield,Weber,0,4,0,0,contest-box,https://www.maxpreps.com/ut/soccer/girls/match/clearfield-vs-weber-pleasant-view/8-3-2026/?c=4050cec6-7dda-43ae-9215-e724552a6442,4050cec6-7dda-43ae-9215-e724552a6442,szv6Ia2yJ0GYwLahjBqswA,hIz6nK0FWkOCWu7w8OFOxw,,,,0
2026-08-03,UT,Crimson Cliffs,Farmington,1,0,0,0,contest-box,https://www.maxpreps.com/ut/soccer/girls/match/crimson-cliffs-washington-vs-farmington/8-3-2026/?c=e94a6ec8-315b-4c1d-881d-111c342af61b,e94a6ec8-315b-4c1d-881d-111c342af61b,Yr4Go1Cbi0yI68nKGZ42Uw,W5P6ZrIVD0qEpbRC4uHfDg,3,10,,0
2026-08-03,UT,Juan Diego Catholic,Granger,3,0,0,0,contest-box,https://www.maxpreps.com/ut/soccer/girls/match/granger-west-valley-city-vs-juan-diego-catholic-draper/8-3-2026/?c=2b5b514a-bfdc-4662-bfdc-2bbe0165c997,2b5b514a-bfdc-4662-bfdc-2bbe0165c997,rUZA3kk53ESdn4Gr2gfpeA,7ItcFlSYIkapzWDQ83q5lA,,,,0
2026-08-03,UT,Manti,Summit Academy,9,0,0,0,contest-box,https://www.maxpreps.com/ut/soccer/girls/match/manti-vs-summit-academy-bluffdale/8-3-2026/?c=cfd7541e-15ff-4c59-9ae9-d2ea84658a83,cfd7541e-15ff-4c59-9ae9-d2ea84658a83,VolHRBzydEWz9sXwLRnHQQ,8q3vmVwvAkeHeTPVEoL7DA,12,,,0
2026-08-03,UT,Maple Mountain,Hurricane,6,0,0,0,contest-box,https://www.maxpreps.com/ut/soccer/girls/match/hurricane-vs-maple-mountain-spanish-fork/8-3-2026/?c=0145990e-f6c3-43f2-8f98-fab771d17059,0145990e-f6c3-43f2-8f98-fab771d17059,7LyIC7MdBE2-cpDIW2ubAg,wZ-UCnEcOE6HRic5HUnC2A,9,,,0
2026-08-03,UT,Pleasant Grove,Northridge,6,2,0,0,contest-box,https://www.maxpreps.com/ut/soccer/girls/match/northridge-layton-vs-pleasant-grove/8-3-2026/?c=5c8ea240-0dc1-46a8-a001-890a80865d13,5c8ea240-0dc1-46a8-a001-890a80865d13,oFlF5I7CckK4gEE8o0M-qQ,8aU3aN5kiEyMyiHI36acgQ,19,,,0
2026-08-03,UT,Syracuse,Green Canyon,0,5,0,0,contest-box,https://www.maxpreps.com/ut/soccer/girls/match/green-canyon-wolfpack-north-logan-vs-syracuse/8-3-2026/?c=3cff853c-d87b-4918-9b60-e8034fa38862,3cff853c-d87b-4918-9b60-e8034fa38862,uA7JayF8AkmMCgHdXNdYaw,gLQMMvp1_UCJpU48fSLqSg,18,4,,0
2026-08-04,UT,Alta,Cedar Valley,0,2,0,0,contest-box,https://www.maxpreps.com/ut/soccer/girls/match/alta-sandy-vs-cedar-valley-eagle-mountain/8-4-2026/?c=436c4f73-db25-4468-be45-42b8da508f86,436c4f73-db25-4468-be45-42b8da508f86,nJDp5m789UihkixEDnDCOQ,WlVT69X3b0WPe7a37tOPkA,,,,0
2026-08-04,UT,American Fork,Mountain Ridge,3,2,0,0,contest-box,https://www.maxpreps.com/ut/soccer/girls/match/american-fork-vs-mountain-ridge-herriman/8-4-2026/?c=87f0652d-766c-4b06-8336-af2dd67fda66,87f0652d-766c-4b06-8336-af2dd67fda66,saj8sDPEbEOr9lzA2920vQ,ljgQY2ykzkeLXP5Uw6rUlA,8,,,0
2026-08-04,UT,Bountiful,Lehi,1,5,0,0,contest-box,https://www.maxpreps.com/ut/soccer/girls/match/bountiful-vs-lehi/8-4-2026/?c=8b70bbb8-e1cd-427d-b9f0-c41b88349ac6,8b70bbb8-e1cd-427d-b9f0-c41b88349ac6,gp9RBPuTDkCfuM7BEb_IzQ,tRUDUc9j1EKttvW-pMY7rQ,6,21,,0
2026-08-04,UT,Box Elder,Mountain Crest,5,0,0,0,contest-box,https://www.maxpreps.com/ut/soccer/girls/match/box-elder-brigham-city-vs-mountain-crest-hyrum/8-4-2026/?c=985fe4ef-a345-44d9-8912-89821a98ca4f,985fe4ef-a345-44d9-8912-89821a98ca4f,0SBsTFySgU21WIhalXEU5g,7L0kx5wiBUajGrJLhG15yQ,15,,,0
2026-08-04,UT,Carbon,Grantsville,5,3,0,0,contest-box,https://www.maxpreps.com/ut/soccer/girls/match/carbon-price-vs-grantsville/8-4-2026/?c=0630cf5b-f4ed-466c-981c-51d80f2f8f17,0630cf5b-f4ed-466c-981c-51d80f2f8f17,gthncdwH2UGfCZTIABdUxQ,oRzWdW4T806uW6T6lZEj8A,,,,0
2026-08-04,UT,Corner Canyon,Riverton,1,2,0,0,contest-box,https://www.maxpreps.com/ut/soccer/girls/match/corner-canyon-draper-vs-riverton/8-4-2026/?c=2f12f9f0-ca78-4e91-ad12-320ed6aeaa4d,2f12f9f0-ca78-4e91-ad12-320ed6aeaa4d,as5NfsG3mk2VnIks1LIn3w,A0ehELDkQUqAYDQnLNO9Hg,20,,,0
2026-08-04,UT,Cyprus,Skyline,2,6,0,0,contest-box,https://www.maxpreps.com/ut/soccer/girls/match/cyprus-magna-vs-skyline-salt-lake-city/8-4-2026/?c=aa7aa845-bda5-410b-8bb4-60ed2482fde8,aa7aa845-bda5-410b-8bb4-60ed2482fde8,5kaVdvKpJkyz4KyhLAp2JQ,dHHlIoYsbEmZybAkuFfL4A,,,,0
2026-08-04,UT,Deer Creek,Hillcrest,1,1,0,0,contest-box,https://www.maxpreps.com/ut/soccer/girls/match/deer-creek-heber-city-vs-hillcrest-midvale/8-4-2026/?c=f6ef91b4-da92-46ba-848c-69658aff852e,f6ef91b4-da92-46ba-848c-69658aff852e,e-jFFn_fNkK1b503lTHGQQ,gtdtvRkPcE2cO8-2VCtkig,,,home,0
2026-08-04,UT,Delta,Manti,0,8,0,0,contest-box,https://www.maxpreps.com/ut/soccer/girls/match/delta-vs-manti/8-4-2026/?c=4b917a2e-282e-4bc0-8b8c-5315415da3aa,4b917a2e-282e-4bc0-8b8c-5315415da3aa,2waxi2_uMUmULPI-C4W2rg,VolHRBzydEWz9sXwLRnHQQ,,12,,0
2026-08-04,UT,Dixie,Jordan,3,1,0,0,contest-box,https://www.maxpreps.com/ut/soccer/girls/match/dixie-st-george-vs-jordan-sandy/8-4-2026/?c=d0e8ab18-33cb-46c7-be57-7105dfc15c92,d0e8ab18-33cb-46c7-be57-7105dfc15c92,SByCRbMV5k2Eu2sWwFKK3A,5U7a5pYpeEyNewmUbeHelg,,,,0
2026-08-04,UT,Enterprise,Pine View,1,4,0,0,contest-box,https://www.maxpreps.com/ut/soccer/girls/match/enterprise-vs-pine-view-st-george/8-4-2026/?c=47274247-dc03-4a35-b280-0f757435c5b6,47274247-dc03-4a35-b280-0f757435c5b6,TMtlPq-joECmYu-slufHKQ,4LMSCP6jxEya7MYQ-odqLQ,,,,0
2026-08-04,UT,Fremont,Woods Cross,2,3,0,0,contest-box,https://www.maxpreps.com/ut/soccer/girls/match/fremont-plain-city-vs-woods-cross/8-4-2026/?c=524617d5-ad65-4be9-99bc-19b2d41b9ff4,524617d5-ad65-4be9-99bc-19b2d41b9ff4,VCdl3-YaU0W-8yHRuLj4bg,AP9OOlVsw0SpBYPbGVqDgQ,,,,0
2026-08-04,UT,Herriman,Viewmont,1,1,0,0,contest-box,https://www.maxpreps.com/ut/soccer/girls/match/herriman-west-herriman-vs-viewmont-bountiful/8-4-2026/?c=afdc4b05-4d94-424a-af0a-2d7b4832ee6e,afdc4b05-4d94-424a-af0a-2d7b4832ee6e,wXAir_SbY0eRABmtlEcktQ,Jn4kRvAczUe3Gk02GjwtCQ,,,away,0
2026-08-04,UT,Highland,Bingham,5,4,0,0,contest-box,https://www.maxpreps.com/ut/soccer/girls/match/bingham-south-jordan-vs-highland-salt-lake-city/8-4-2026/?c=bb756953-9f36-40d3-9f48-b4235eca0aa3,bb756953-9f36-40d3-9f48-b4235eca0aa3,n7DWjEgWxU-uxmTKUl-ieg,wDhzNoTXLkmoVMBs_GRHwQ,,,,0
2026-08-04,UT,Kearns,Tooele,5,1,0,0,contest-box,https://www.maxpreps.com/ut/soccer/girls/match/kearns-vs-tooele/8-4-2026/?c=e02b8d76-aefe-4bc8-aaed-890a77349b9f,e02b8d76-aefe-4bc8-aaed-890a77349b9f,tif4SSihfE-eTHeOjNgcqw,DAuMdnY5AUO8s7vtaY8eOQ,,,,0
2026-08-04,UT,Logan,Bear River,1,0,0,0,contest-box,https://www.maxpreps.com/ut/soccer/girls/match/bear-river-garland-vs-logan/8-4-2026/?c=fbf32246-333a-470c-958e-05e82676960a,fbf32246-333a-470c-958e-05e82676960a,WjLZnjAXY0G52j7wK2anow,NGgliQsUlUezFT0g_n92Qg,,,,0
2026-08-04,UT,Lone Peak,Park City,1,1,0,0,contest-box,https://www.maxpreps.com/ut/soccer/girls/match/lone-peak-highland-vs-park-city/8-4-2026/?c=d2692108-3944-4743-8ddc-c04f249ea618,d2692108-3944-4743-8ddc-c04f249ea618,Wd-65503zEOodZOL3GB_LQ,ALVZRgM-6UeCwdgAHFA1bw,1,2,away,0
2026-08-04,UT,Mountain View,Pleasant Grove,0,1,0,0,contest-box,https://www.maxpreps.com/ut/soccer/girls/match/mountain-view-orem-vs-pleasant-grove/8-4-2026/?c=ac3ab375-936a-4b0b-a86b-c7574a5eab8b,ac3ab375-936a-4b0b-a86b-c7574a5eab8b,1p0RST-Bh0ad4pNn-2kTnQ,oFlF5I7CckK4gEE8o0M-qQ,14,19,,0
2026-08-04,UT,Murray,Deseret Peak,2,0,0,0,contest-box,https://www.maxpreps.com/ut/soccer/girls/match/deseret-peak-tooele-vs-murray/8-4-2026/?c=9e7d6642-c701-4baf-8c40-478c887fb8ff,9e7d6642-c701-4baf-8c40-478c887fb8ff,6ZoPz6Kv90iP3duo40HrZA,POr_JTykwU-SmHKbACjH2g,,,,0
2026-08-04,UT,Payson,Taylorsville,5,1,0,0,contest-box,https://www.maxpreps.com/ut/soccer/girls/match/payson-vs-taylorsville/8-4-2026/?c=17290553-dbd7-4dd8-9e99-7a33e8a3c8d5,17290553-dbd7-4dd8-9e99-7a33e8a3c8d5,HZOTMPfRb0yQ5UUkcXYQZw,F_Mxeo3mH0CvCCVRj4PJPA,,,,0
2026-08-04,UT,Provo,Bonneville,0,1,0,0,contest-box,https://www.maxpreps.com/ut/soccer/girls/match/bonneville-washington-terrace-vs-provo/8-4-2026/?c=a89faa26-093b-43d4-8f62-2373f07d0535,a89faa26-093b-43d4-8f62-2373f07d0535,tHi7es56h0WUF4-rafUxCA,A5FbmWmy1kCQbK_104f4xw,,24,,0
2026-08-04,UT,Roy,Morgan,0,4,0,0,contest-box,https://www.maxpreps.com/ut/soccer/girls/match/morgan-vs-roy/8-4-2026/?c=9fe04987-f3ea-4b09-9a5b-dadfced028ee,9fe04987-f3ea-4b09-9a5b-dadfced028ee,Ug41sf7tgEGqZrYBNaaKzA,eJHY5fS2DE6RSrs2YUK4vw,,,,0
2026-08-04,UT,Salem Hills,Copper Hills,2,1,0,0,contest-box,https://www.maxpreps.com/ut/soccer/girls/match/copper-hills-west-jordan-vs-salem-hills/8-4-2026/?c=c999bab5-e469-4405-a663-06a9565efb41,c999bab5-e469-4405-a663-06a9565efb41,0qGZxmqQ9EebK3P_H5Hnhg,dz5TL8IJY0OLcjEyFH2sVQ,,,,0
2026-08-04,UT,San Juan,Emery,8,2,0,0,contest-box,https://www.maxpreps.com/ut/soccer/girls/match/emery-castle-dale-vs-san-juan-blanding/8-4-2026/?c=69aa7b81-78c7-4384-b19b-1b1bded6e9ff,69aa7b81-78c7-4384-b19b-1b1bded6e9ff,yx311UctvUKv4xx_Cd-dfA,Bos_J2uWu0KpBMuw8n3XvA,,,,0
2026-08-04,UT,Skyridge,Olympus,0,3,0,0,contest-box,https://www.maxpreps.com/ut/soccer/girls/match/olympus-salt-lake-city-vs-skyridge-lehi/8-4-2026/?c=55e83b29-330d-4d4e-b065-1233b60cc414,55e83b29-330d-4d4e-b065-1233b60cc414,VwsPSpAaGkyHOF7QvWG_nQ,7HjpjwfzpU6GkdCeGFVh_Q,,7,,0
2026-08-04,UT,Snow Canyon,Farmington,0,2,0,0,contest-box,https://www.maxpreps.com/ut/soccer/girls/match/farmington-vs-snow-canyon-st-george/8-4-2026/?c=7c7adcd4-6bd4-4bd2-9f4c-90e2de5386cf,7c7adcd4-6bd4-4bd2-9f4c-90e2de5386cf,Pd0LBY79vkOqJVvNCMHVfQ,W5P6ZrIVD0qEpbRC4uHfDg,25,10,,0
2026-08-04,UT,Spanish Fork,Hurricane,1,0,0,0,contest-box,https://www.maxpreps.com/ut/soccer/girls/match/hurricane-vs-spanish-fork/8-4-2026/?c=3aabfbbc-25ed-408e-bd5f-7353c0bb4ae4,3aabfbbc-25ed-408e-bd5f-7353c0bb4ae4,iDNn5k1wEkGUq8u994wbhg,wZ-UCnEcOE6HRic5HUnC2A,,,,0
2026-08-04,UT,Union,South Summit,7,0,0,0,contest-box,https://www.maxpreps.com/ut/soccer/girls/match/south-summit-kamas-vs-union-roosevelt/8-4-2026/?c=b921353a-64d0-4824-8aca-c7f5021ad29d,b921353a-64d0-4824-8aca-c7f5021ad29d,WQTAUXyji06XfVOkLDovwA,Me75bEeZiEKNebC6Fz3aBw,,,,0
2026-08-05,UT,Beaver,Maeser Prep Academy,1,5,0,0,contest-box,https://www.maxpreps.com/ut/soccer/girls/match/beaver-vs-maeser-prep-academy-lindon/8-5-2026/?c=92b0484a-d37b-4ef8-9d1b-eaffca3c8b0b,92b0484a-d37b-4ef8-9d1b-eaffca3c8b0b,h0e_0l5RKki2YHjIK42s8Q,gLZnKJDlyE2I_Bh44UeetA,,,,0
2026-08-05,UT,Brighton,Orem,5,0,0,0,contest-box,https://www.maxpreps.com/ut/soccer/girls/match/brighton-salt-lake-city-vs-orem/8-5-2026/?c=0ab8d6fe-b6ac-4ce4-9c71-8cfe83174d67,0ab8d6fe-b6ac-4ce4-9c71-8cfe83174d67,d7o70ttTskORC2J1WRlTuQ,SoWWbqQ8u0SmsImc-E36PQ,11,,,0
2026-08-05,UT,Canyon View,Stansbury,1,2,0,0,contest-box,https://www.maxpreps.com/ut/soccer/girls/match/canyon-view-cedar-city-vs-stansbury-stansbury-park/8-5-2026/?c=344a6392-a202-4643-bae0-8ae0f89fcd6f,344a6392-a202-4643-bae0-8ae0f89fcd6f,pKaA2FCaWE2UytvY8keBbQ,NhooN9iDeEqgJK6LBqjY1Q,,,,0
2026-08-05,UT,Clearfield,Syracuse,1,6,0,0,contest-box,https://www.maxpreps.com/ut/soccer/girls/match/clearfield-vs-syracuse/8-5-2026/?c=c77007f6-2c92-4681-bf28-715211508aa4,c77007f6-2c92-4681-bf28-715211508aa4,szv6Ia2yJ0GYwLahjBqswA,uA7JayF8AkmMCgHdXNdYaw,,18,,0
2026-08-05,UT,Desert Hills,Farmington,0,4,0,0,contest-box,https://www.maxpreps.com/ut/soccer/girls/match/desert-hills-st-george-vs-farmington/8-5-2026/?c=51570718-d83d-4f04-9418-31cc4b264757,51570718-d83d-4f04-9418-31cc4b264757,aXsjChoH6Eaq8uFvvNvkvA,W5P6ZrIVD0qEpbRC4uHfDg,23,10,,0
2026-08-05,UT,Gunnison Valley,American Prep WV,7,0,0,0,contest-box,https://www.maxpreps.com/ut/soccer/girls/match/american-prep-wv-west-valley-city-vs-gunnison-valley/8-5-2026/?c=bc059e68-74b7-48b4-98ec-d61746dfa481,bc059e68-74b7-48b4-98ec-d61746dfa481,9vXe0yo80Eqv69sZ2zs_ng,QfbajoUoqE6KmpaGJKIYxg,,,,0
2026-08-05,UT,Juab,North Sanpete,4,1,0,0,contest-box,https://www.maxpreps.com/ut/soccer/girls/match/juab-nephi-vs-north-sanpete-mt-pleasant/8-5-2026/?c=366254a6-28d1-458a-aa35-08b4f02c5b8e,366254a6-28d1-458a-aa35-08b4f02c5b8e,dUvS7F01UUindP8SuMI6qg,VUyQmU-xsEC1C1CBc44gpg,,,,0
2026-08-05,UT,Ridgeline,Springville,4,0,0,0,contest-box,https://www.maxpreps.com/ut/soccer/girls/match/ridgeline-millville-vs-springville/8-5-2026/?c=c16990a8-7935-47b9-a55a-243ef2d301a3,c16990a8-7935-47b9-a55a-243ef2d301a3,ZdVdGaxSmkmKUW5abKOxYQ,fjvhFKFTk0C2RT-vLhBjFQ,16,,,0
2026-08-05,UT,Weber,Ogden,1,2,0,0,contest-box,https://www.maxpreps.com/ut/soccer/girls/match/ogden-vs-weber-pleasant-view/8-5-2026/?c=f15fdbc9-b070-461f-ac0b-cd6f69f41f22,f15fdbc9-b070-461f-ac0b-cd6f69f41f22,hIz6nK0FWkOCWu7w8OFOxw,uQRraPnHgUWU_D4qRt5R6A,,,,0
2026-08-05,UT,West Field,Davis,1,2,0,0,contest-box,https://www.maxpreps.com/ut/soccer/girls/match/davis-kaysville-vs-west-field-taylor/8-5-2026/?c=22b70a56-0aa0-4795-b536-3b26082d62c6,22b70a56-0aa0-4795-b536-3b26082d62c6,J4BV14XsU0mbm_lDh2kzHw,umZnjYyiz0-OFLZYQiT9mw,,5,,0
2026-08-06,UT,Alta,Kearns,1,0,0,0,contest-box,https://www.maxpreps.com/ut/soccer/girls/match/alta-sandy-vs-kearns/8-6-2026/?c=2a48d220-e134-490c-a0ea-d59a903d01fe,2a48d220-e134-490c-a0ea-d59a903d01fe,nJDp5m789UihkixEDnDCOQ,tif4SSihfE-eTHeOjNgcqw,,,,0
2026-08-06,UT,Bear River,Box Elder,1,4,0,0,contest-box,https://www.maxpreps.com/ut/soccer/girls/match/bear-river-garland-vs-box-elder-brigham-city/8-6-2026/?c=e020c606-a936-4559-a6c9-5a472d9d0003,e020c606-a936-4559-a6c9-5a472d9d0003,NGgliQsUlUezFT0g_n92Qg,0SBsTFySgU21WIhalXEU5g,,15,,0
2026-08-06,UT,Beaver,Delta,1,2,0,0,contest-box,https://www.maxpreps.com/ut/soccer/girls/match/beaver-vs-delta/8-6-2026/?c=ca4ab8aa-c57b-4110-a53f-99ac235f2cd8,ca4ab8aa-c57b-4110-a53f-99ac235f2cd8,h0e_0l5RKki2YHjIK42s8Q,2waxi2_uMUmULPI-C4W2rg,,,,0
2026-08-06,UT,Cedar Valley,Pine View,6,0,0,0,contest-box,https://www.maxpreps.com/ut/soccer/girls/match/cedar-valley-eagle-mountain-vs-pine-view-st-george/8-6-2026/?c=46e567e3-6adf-4725-96a4-c928870479ae,46e567e3-6adf-4725-96a4-c928870479ae,WlVT69X3b0WPe7a37tOPkA,4LMSCP6jxEya7MYQ-odqLQ,,,,0
2026-08-06,UT,Copper Hills,Spanish Fork,0,3,0,0,contest-box,https://www.maxpreps.com/ut/soccer/girls/match/copper-hills-west-jordan-vs-spanish-fork/8-6-2026/?c=f9a10094-f176-4872-938b-404e4f0cfae8,f9a10094-f176-4872-938b-404e4f0cfae8,dz5TL8IJY0OLcjEyFH2sVQ,iDNn5k1wEkGUq8u994wbhg,,,,0
2026-08-06,UT,Corner Canyon,Timpview,4,0,0,0,contest-box,https://www.maxpreps.com/ut/soccer/girls/match/corner-canyon-draper-vs-timpview-provo/8-6-2026/?c=0c34af97-ec7a-4113-b7c4-eddf7ff5eabb,0c34af97-ec7a-4113-b7c4-eddf7ff5eabb,as5NfsG3mk2VnIks1LIn3w,szh6QyUMT0y47k3WDJY0kA,20,22,,0
2026-08-06,UT,Cyprus,Salem Hills,1,3,0,0,contest-box,https://www.maxpreps.com/ut/soccer/girls/match/cyprus-magna-vs-salem-hills/8-6-2026/?c=d5dfe646-4c19-4fdc-b57a-b23b1f652410,d5dfe646-4c19-4fdc-b57a-b23b1f652410,5kaVdvKpJkyz4KyhLAp2JQ,0qGZxmqQ9EebK3P_H5Hnhg,,,,0
2026-08-06,UT,Desert Hills,Skyridge,1,0,0,0,contest-box,https://www.maxpreps.com/ut/soccer/girls/match/desert-hills-st-george-vs-skyridge-lehi/8-6-2026/?c=3963830b-9e9d-44d3-be57-38b6ad3964a9,3963830b-9e9d-44d3-be57-38b6ad3964a9,aXsjChoH6Eaq8uFvvNvkvA,VwsPSpAaGkyHOF7QvWG_nQ,23,,,0
2026-08-06,UT,Dixie,Timpanogos,2,3,0,0,contest-box,https://www.maxpreps.com/ut/soccer/girls/match/dixie-st-george-vs-timpanogos-orem/8-6-2026/?c=a182ba1f-00a0-4c5c-99eb-df87a5f7d959,a182ba1f-00a0-4c5c-99eb-df87a5f7d959,SByCRbMV5k2Eu2sWwFKK3A,6hy10Uri6U2qCRt8vHtDUA,,,,0
2026-08-06,UT,East,Hillcrest,6,1,0,0,contest-box,https://www.maxpreps.com/ut/soccer/girls/match/east-salt-lake-city-vs-hillcrest-midvale/8-6-2026/?c=c9bf74ae-5ddb-4d93-aa01-07a65425bf3d,c9bf74ae-5ddb-4d93-aa01-07a65425bf3d,2C75q91bQE-BvgyPOTV8_w,gtdtvRkPcE2cO8-2VCtkig,17,,,0
2026-08-06,UT,Emery,Richfield,0,9,0,0,contest-box,https://www.maxpreps.com/ut/soccer/girls/match/emery-castle-dale-vs-richfield/8-6-2026/?c=b1af409d-33c3-4118-b672-7db1d815e6b9,b1af409d-33c3-4118-b672-7db1d815e6b9,Bos_J2uWu0KpBMuw8n3XvA,EkE7d-kpBkyNzLAyIZ3Ybw,,,,0
2026-08-06,UT,Green Canyon,Lone Peak,3,0,0,0,contest-box,https://www.maxpreps.com/ut/soccer/girls/match/green-canyon-wolfpack-north-logan-vs-lone-peak-highland/8-6-2026/?c=5b7a2ad5-dc4c-4356-9e64-6fa971231377,5b7a2ad5-dc4c-4356-9e64-6fa971231377,gLQMMvp1_UCJpU48fSLqSg,Wd-65503zEOodZOL3GB_LQ,4,1,,0
2026-08-06,UT,Herriman,Syracuse,1,3,0,0,contest-box,https://www.maxpreps.com/ut/soccer/girls/match/herriman-west-herriman-vs-syracuse/8-6-2026/?c=f2d56728-bd7e-4673-b761-c60e7feb600a,f2d56728-bd7e-4673-b761-c60e7feb600a,wXAir_SbY0eRABmtlEcktQ,uA7JayF8AkmMCgHdXNdYaw,,18,,0
2026-08-06,UT,Hunter,Payson,1,5,0,0,contest-box,https://www.maxpreps.com/ut/soccer/girls/match/hunter-west-valley-city-vs-payson/8-6-2026/?c=a0cc4718-cdef-4478-9254-5edd559ee2e4,a0cc4718-cdef-4478-9254-5edd559ee2e4,wbAV7pAD4UiLfonNnDT19w,HZOTMPfRb0yQ5UUkcXYQZw,,,,0
2026-08-06,UT,Juab,Millard,1,0,0,0,contest-box,https://www.maxpreps.com/ut/soccer/girls/match/juab-nephi-vs-millard-fillmore/8-6-2026/?c=bf072969-9db2-4447-8862-76bf5249dddc,bf072969-9db2-4447-8862-76bf5249dddc,dUvS7F01UUindP8SuMI6qg,tG05w1fT8EWcQYN2P3gbfA,,,,0
2026-08-06,UT,Judge Memorial Catholic,Logan,5,0,0,0,contest-box,https://www.maxpreps.com/ut/soccer/girls/match/judge-memorial-catholic-salt-lake-city-vs-logan/8-6-2026/?c=3563b8ff-c580-42c2-b570-97a1dd0d225b,3563b8ff-c580-42c2-b570-97a1dd0d225b,tv2UWXQ6UUydRA7utC1O4Q,WjLZnjAXY0G52j7wK2anow,,,,0
2026-08-06,UT,Lehi,Riverton,1,2,0,0,contest-box,https://www.maxpreps.com/ut/soccer/girls/match/lehi-vs-riverton/8-6-2026/?c=9f29e897-b77d-4732-b920-b975b68e69a1,9f29e897-b77d-4732-b920-b975b68e69a1,tRUDUc9j1EKttvW-pMY7rQ,A0ehELDkQUqAYDQnLNO9Hg,21,,,0
2026-08-06,UT,Morgan,Manti,3,2,0,0,contest-box,https://www.maxpreps.com/ut/soccer/girls/match/manti-vs-morgan/8-6-2026/?c=fc2de3a7-1f6b-408b-b409-4c421963d547,fc2de3a7-1f6b-408b-b409-4c421963d547,eJHY5fS2DE6RSrs2YUK4vw,VolHRBzydEWz9sXwLRnHQQ,,12,,0
2026-08-06,UT,Mountain Crest,Woods Cross,1,0,0,0,contest-box,https://www.maxpreps.com/ut/soccer/girls/match/mountain-crest-hyrum-vs-woods-cross/8-6-2026/?c=c437f064-42d6-4f14-99fe-e56a9f585a9a,c437f064-42d6-4f14-99fe-e56a9f585a9a,7L0kx5wiBUajGrJLhG15yQ,AP9OOlVsw0SpBYPbGVqDgQ,,,,0
2026-08-06,UT,Mountain View,Highland,4,1,0,0,contest-box,https://www.maxpreps.com/ut/soccer/girls/match/highland-salt-lake-city-vs-mountain-view-orem/8-6-2026/?c=6be8c2e3-198f-4459-b514-e174ca318b8c,6be8c2e3-198f-4459-b514-e174ca318b8c,1p0RST-Bh0ad4pNn-2kTnQ,n7DWjEgWxU-uxmTKUl-ieg,14,,,0
2026-08-06,UT,Murray,Cedar,0,1,0,0,contest-box,https://www.maxpreps.com/ut/soccer/girls/match/cedar-cedar-city-vs-murray/8-6-2026/?c=6868e40a-4ea0-41f5-ad8f-c282b375621e,6868e40a-4ea0-41f5-ad8f-c282b375621e,6ZoPz6Kv90iP3duo40HrZA,epqAqJIXWU6BFUbmpp69ig,,,,0
2026-08-06,UT,Northridge,Layton,0,1,0,0,contest-box,https://www.maxpreps.com/ut/soccer/girls/match/layton-vs-northridge-layton/8-6-2026/?c=7f299f8a-ea04-469e-9b30-8b43ab383ec0,7f299f8a-ea04-469e-9b30-8b43ab383ec0,8aU3aN5kiEyMyiHI36acgQ,yYV_2EjmEkeUp5LoXBZ9og,,,,0
2026-08-06,UT,Park City,Wasatch,2,1,0,0,contest-box,https://www.maxpreps.com/ut/soccer/girls/match/park-city-vs-wasatch-heber-city/8-6-2026/?c=846ae7fe-a670-43b5-88b0-50b2edd2ae4f,846ae7fe-a670-43b5-88b0-50b2edd2ae4f,ALVZRgM-6UeCwdgAHFA1bw,p5TM_kxq9kWfUzREg1kDzg,2,13,,0
2026-08-06,UT,Parowan,South Summit,0,1,0,0,contest-box,https://www.maxpreps.com/ut/soccer/girls/match/parowan-vs-south-summit-kamas/8-6-2026/?c=a8e2bd82-2784-45d1-be46-ed07fecdfd42,a8e2bd82-2784-45d1-be46-ed07fecdfd42,xBgZr-cSTkS0Cwg7HQSmrg,Me75bEeZiEKNebC6Fz3aBw,,,,0
2026-08-06,UT,Pleasant Grove,Provo,2,1,0,0,contest-box,https://www.maxpreps.com/ut/soccer/girls/match/pleasant-grove-vs-provo/8-6-2026/?c=c4f5af10-d0a6-4893-b03d-cbd336f82c43,c4f5af10-d0a6-4893-b03d-cbd336f82c43,oFlF5I7CckK4gEE8o0M-qQ,tHi7es56h0WUF4-rafUxCA,19,,,0
2026-08-06,UT,Sky View,Waterford,2,0,0,0,contest-box,https://www.maxpreps.com/ut/soccer/girls/match/sky-view-smithfield-vs-waterford-sandy/8-6-2026/?c=bb533504-a9ca-4663-b9f1-2fbe2f5d05e5,bb533504-a9ca-4663-b9f1-2fbe2f5d05e5,Ads5JSH8vUSLmBdh-YVWTg,iYScz0lKmUqmVT_al-YcrA,,,,0
2026-08-06,UT,Snow Canyon,Jordan,6,2,0,0,contest-box,https://www.maxpreps.com/ut/soccer/girls/match/jordan-sandy-vs-snow-canyon-st-george/8-6-2026/?c=4354ddde-c05f-4b88-98bd-eb04d6afffa3,4354ddde-c05f-4b88-98bd-eb04d6afffa3,Pd0LBY79vkOqJVvNCMHVfQ,5U7a5pYpeEyNewmUbeHelg,25,,,0
2026-08-06,UT,Taylorsville,Roy,1,2,0,0,contest-box,https://www.maxpreps.com/ut/soccer/girls/match/roy-vs-taylorsville/8-6-2026/?c=8995786f-6a7c-44da-a85f-9eb5051b9281,8995786f-6a7c-44da-a85f-9eb5051b9281,F_Mxeo3mH0CvCCVRj4PJPA,Ug41sf7tgEGqZrYBNaaKzA,,,,0
2026-08-06,UT,UMACW,South Sevier,,0,0,0,contest-box,https://www.maxpreps.com/ut/soccer/girls/match/south-sevier-monroe-vs-utah-military-academy-camp-williams-lehi/8-6-2026/?c=51d2c3d5-53ff-4ea3-99d9-fa65b21c5ee8,51d2c3d5-53ff-4ea3-99d9-fa65b21c5ee8,uqmTTZhXv0eLmYmRyVKpvw,Jur801Co7Ua6fnty0xbW3w,,,,0
2026-08-06,UT,Uintah,Carbon,2,0,0,0,contest-box,https://www.maxpreps.com/ut/soccer/girls/match/carbon-price-vs-uintah-vernal/8-6-2026/?c=b41b334e-24c0-4f29-b751-f0d63a9b8fb9,b41b334e-24c0-4f29-b751-f0d63a9b8fb9,A-vGTJ5dyEq97LSJmRt2ww,gthncdwH2UGfCZTIABdUxQ,,,,0
2026-08-06,UT,Union,Grantsville,3,0,0,0,contest-box,https://www.maxpreps.com/ut/soccer/girls/match/grantsville-vs-union-roosevelt/8-6-2026/?c=08a87b66-cfc7-4fd9-b142-86ef8828c7a8,08a87b66-cfc7-4fd9-b142-86ef8828c7a8,WQTAUXyji06XfVOkLDovwA,oRzWdW4T806uW6T6lZEj8A,,,,0
2026-08-06,UT,Viewmont,Fremont,5,0,0,0,contest-box,https://www.maxpreps.com/ut/soccer/girls/match/fremont-plain-city-vs-viewmont-bountiful/8-6-2026/?c=44521004-ee5e-4330-b84e-289d16d1e58d,44521004-ee5e-4330-b84e-289d16d1e58d,Jn4kRvAczUe3Gk02GjwtCQ,VCdl3-YaU0W-8yHRuLj4bg,,,,0
2026-08-07,UT,Ben Lomond,West,5,1,0,0,contest-box,https://www.maxpreps.com/ut/soccer/girls/match/ben-lomond-ogden-vs-west-salt-lake-city/8-7-2026/?c=631a9931-7ea1-416e-b034-793b9cc8e519,631a9931-7ea1-416e-b034-793b9cc8e519,XHyb82zTkEumpkG0wdDiVg,z1E1xxuyd0G6i3NJAqCoIQ,,,,0
2026-08-07,UT,Bountiful,Layton,2,3,0,0,contest-box,https://www.maxpreps.com/ut/soccer/girls/match/bountiful-vs-layton/8-7-2026/?c=e40083f8-f418-4eee-83e4-7d026f7f3be6,e40083f8-f418-4eee-83e4-7d026f7f3be6,gp9RBPuTDkCfuM7BEb_IzQ,yYV_2EjmEkeUp5LoXBZ9og,6,,,0
2026-08-07,UT,Brighton,Cedar,2,0,0,0,contest-box,https://www.maxpreps.com/ut/soccer/girls/match/brighton-salt-lake-city-vs-cedar-cedar-city/8-7-2026/?c=a324298d-a8c0-4aba-8180-e870d73c9529,a324298d-a8c0-4aba-8180-e870d73c9529,d7o70ttTskORC2J1WRlTuQ,epqAqJIXWU6BFUbmpp69ig,11,,,0
2026-08-07,UT,Crimson Cliffs,Skyridge,1,0,0,0,contest-box,https://www.maxpreps.com/ut/soccer/girls/match/crimson-cliffs-washington-vs-skyridge-lehi/8-7-2026/?c=3258a465-6bd5-4b39-95f5-f9f4b1987871,3258a465-6bd5-4b39-95f5-f9f4b1987871,Yr4Go1Cbi0yI68nKGZ42Uw,VwsPSpAaGkyHOF7QvWG_nQ,3,,,0
2026-08-07,UT,Davis,American Fork,3,0,0,0,contest-box,https://www.maxpreps.com/ut/soccer/girls/match/american-fork-vs-davis-kaysville/8-7-2026/?c=97f48e3d-febd-4e26-9c86-59e775378fa8,97f48e3d-febd-4e26-9c86-59e775378fa8,umZnjYyiz0-OFLZYQiT9mw,saj8sDPEbEOr9lzA2920vQ,5,8,,0
2026-08-07,UT,Juan Diego Catholic,Timpview,0,10,0,0,contest-box,https://www.maxpreps.com/ut/soccer/girls/match/juan-diego-catholic-draper-vs-timpview-provo/8-7-2026/?c=708646d6-0d87-4c1d-ab35-e55b81e6ae09,708646d6-0d87-4c1d-ab35-e55b81e6ae09,rUZA3kk53ESdn4Gr2gfpeA,szh6QyUMT0y47k3WDJY0kA,,22,,0
2026-08-07,UT,Lehi,Orem,7,0,0,0,contest-box,https://www.maxpreps.com/ut/soccer/girls/match/lehi-vs-orem/8-7-2026/?c=ab36a6e0-b87e-4df8-a5c7-bc1c7b9790d6,ab36a6e0-b87e-4df8-a5c7-bc1c7b9790d6,tRUDUc9j1EKttvW-pMY7rQ,SoWWbqQ8u0SmsImc-E36PQ,21,,,0
2026-08-07,UT,Ridgeline,Lone Peak,1,3,0,0,contest-box,https://www.maxpreps.com/ut/soccer/girls/match/lone-peak-highland-vs-ridgeline-millville/8-7-2026/?c=917ccecf-8b36-4b9f-9a39-f21ac2e2f4cc,917ccecf-8b36-4b9f-9a39-f21ac2e2f4cc,ZdVdGaxSmkmKUW5abKOxYQ,Wd-65503zEOodZOL3GB_LQ,16,1,,0
2026-08-07,UT,Salt Lake Academy,Bonneville,0,1,0,0,contest-box,https://www.maxpreps.com/ut/soccer/girls/match/bonneville-washington-terrace-vs-salt-lake-academy-herriman/8-7-2026/?c=3b78101e-939a-44e2-be2e-35a4ef31eb27,3b78101e-939a-44e2-be2e-35a4ef31eb27,ULD7YC0by0CENSv4S97SPA,A5FbmWmy1kCQbK_104f4xw,,24,,0
2026-08-07,UT,Sky View,Springville,1,1,0,0,contest-box,https://www.maxpreps.com/ut/soccer/girls/match/sky-view-smithfield-vs-springville/8-7-2026/?c=41b5c5a6-7651-4373-b333-20f2f23d07e2,41b5c5a6-7651-4373-b333-20f2f23d07e2,Ads5JSH8vUSLmBdh-YVWTg,fjvhFKFTk0C2RT-vLhBjFQ,,,home,0
2026-08-07,UT,Tooele,Canyon View,0,6,0,0,contest-box,https://www.maxpreps.com/ut/soccer/girls/match/canyon-view-cedar-city-vs-tooele/8-7-2026/?c=69b5ff3f-19c6-4022-bce9-ccb0581d83fc,69b5ff3f-19c6-4022-bce9-ccb0581d83fc,DAuMdnY5AUO8s7vtaY8eOQ,pKaA2FCaWE2UytvY8keBbQ,,,,0
2026-08-07,UT,West Field,Ogden,2,0,0,0,contest-box,https://www.maxpreps.com/ut/soccer/girls/match/ogden-vs-west-field-taylor/8-7-2026/?c=14c4b9e7-8e81-45d7-9f63-917c780efe58,14c4b9e7-8e81-45d7-9f63-917c780efe58,J4BV14XsU0mbm_lDh2kzHw,uQRraPnHgUWU_D4qRt5R6A,,,,0
2026-08-08,UT,Clearfield,Viewmont,0,3,0,0,contest-box,https://www.maxpreps.com/ut/soccer/girls/match/clearfield-vs-viewmont-bountiful/8-8-2026/?c=ca092986-8409-49dd-9707-3ddad5ff455e,ca092986-8409-49dd-9707-3ddad5ff455e,szv6Ia2yJ0GYwLahjBqswA,Jn4kRvAczUe3Gk02GjwtCQ,,,,0
2026-08-08,UT,Desert Hills,Timpanogos,1,1,0,0,contest-box,https://www.maxpreps.com/ut/soccer/girls/match/desert-hills-st-george-vs-timpanogos-orem/8-8-2026/?c=4fba363e-fbad-4984-9691-e763525eaed5,4fba363e-fbad-4984-9691-e763525eaed5,aXsjChoH6Eaq8uFvvNvkvA,6hy10Uri6U2qCRt8vHtDUA,23,,home,0
2026-08-08,UT,Grantsville,Canyon View,0,4,0,0,contest-box,https://www.maxpreps.com/ut/soccer/girls/match/canyon-view-cedar-city-vs-grantsville/8-8-2026/?c=594e4e3d-f842-406d-af92-b8cd6faf406c,594e4e3d-f842-406d-af92-b8cd6faf406c,oRzWdW4T806uW6T6lZEj8A,pKaA2FCaWE2UytvY8keBbQ,,,,0
2026-08-08,UT,Mountain Crest,Corner Canyon,1,2,0,0,contest-box,https://www.maxpreps.com/ut/soccer/girls/match/corner-canyon-draper-vs-mountain-crest-hyrum/8-8-2026/?c=cfc42551-f652-40a7-af50-e3ee2c68390e,cfc42551-f652-40a7-af50-e3ee2c68390e,7L0kx5wiBUajGrJLhG15yQ,as5NfsG3mk2VnIks1LIn3w,,20,,0
2026-08-08,UT,Snow Canyon,Skyridge,2,1,0,0,contest-box,https://www.maxpreps.com/ut/soccer/girls/match/skyridge-lehi-vs-snow-canyon-st-george/8-8-2026/?c=746b28c0-c33d-4ae9-88cf-b8bd33a14893,746b28c0-c33d-4ae9-88cf-b8bd33a14893,Pd0LBY79vkOqJVvNCMHVfQ,VwsPSpAaGkyHOF7QvWG_nQ,25,,,0
2026-08-08,UT,Spanish Fork,Weber,0,1,0,0,contest-box,https://www.maxpreps.com/ut/soccer/girls/match/spanish-fork-vs-weber-pleasant-view/8-8-2026/?c=c51acca4-3f51-4e98-9eeb-2826e7fc0b73,c51acca4-3f51-4e98-9eeb-2826e7fc0b73,iDNn5k1wEkGUq8u994wbhg,hIz6nK0FWkOCWu7w8OFOxw,,,,0
2026-08-10,UT,Bonneville,Crimson Cliffs,1,2,0,0,contest-box,https://www.maxpreps.com/ut/soccer/girls/match/bonneville-washington-terrace-vs-crimson-cliffs-washington/8-10-2026/?c=bad6d8df-ebcb-407c-94ea-1396244a9604,bad6d8df-ebcb-407c-94ea-1396244a9604,A5FbmWmy1kCQbK_104f4xw,Yr4Go1Cbi0yI68nKGZ42Uw,24,3,,0
2026-08-10,UT,Canyon View,Hurricane,2,1,0,0,contest-box,https://www.maxpreps.com/ut/soccer/girls/match/canyon-view-cedar-city-vs-hurricane/8-10-2026/?c=d249451e-a2a4-48c3-a07e-d20480dc8b0b,d249451e-a2a4-48c3-a07e-d20480dc8b0b,pKaA2FCaWE2UytvY8keBbQ,wZ-UCnEcOE6HRic5HUnC2A,,,,0
2026-08-10,UT,East,Bountiful,0,4,0,0,contest-box,https://www.maxpreps.com/ut/soccer/girls/match/bountiful-vs-east-salt-lake-city/8-10-2026/?c=570eb6b9-fff8-4b0c-92ff-30d86edad228,570eb6b9-fff8-4b0c-92ff-30d86edad228,2C75q91bQE-BvgyPOTV8_w,gp9RBPuTDkCfuM7BEb_IzQ,17,6,,0
2026-08-10,UT,Farmington,West Field,1,1,0,0,contest-box,https://www.maxpreps.com/ut/soccer/girls/match/farmington-vs-west-field-taylor/8-10-2026/?c=9e20a4e1-0dd4-4e4b-b1f2-3d8794e70350,9e20a4e1-0dd4-4e4b-b1f2-3d8794e70350,W5P6ZrIVD0qEpbRC4uHfDg,J4BV14XsU0mbm_lDh2kzHw,10,,away,0
2026-08-10,UT,Granger,Salem Hills,0,5,0,0,contest-box,https://www.maxpreps.com/ut/soccer/girls/match/granger-west-valley-city-vs-salem-hills/8-10-2026/?c=f351d1b9-0248-43d4-a72c-550bce0a4f0f,f351d1b9-0248-43d4-a72c-550bce0a4f0f,7ItcFlSYIkapzWDQ83q5lA,0qGZxmqQ9EebK3P_H5Hnhg,,,,0
2026-08-10,UT,Providence Hall,St. Joseph,0,3,0,0,contest-box,https://www.maxpreps.com/ut/soccer/girls/match/providence-hall-herriman-vs-st-joseph-ogden/8-10-2026/?c=1214e954-5731-4c99-bc96-8ba3d16b8f4c,1214e954-5731-4c99-bc96-8ba3d16b8f4c,nC5WzLRyyES8OQ9bomMbDQ,ojCwmUEcV0qyZBT6zyI_Vg,,,,0
2026-08-10,UT,South Summit,Beaver,1,2,0,0,contest-box,https://www.maxpreps.com/ut/soccer/girls/match/beaver-vs-south-summit-kamas/8-10-2026/?c=739bb651-3648-4bde-aebf-0a39bf798ce3,739bb651-3648-4bde-aebf-0a39bf798ce3,Me75bEeZiEKNebC6Fz3aBw,h0e_0l5RKki2YHjIK42s8Q,,,,0
2026-08-10,UT,Weber,Northridge,2,0,0,0,contest-box,https://www.maxpreps.com/ut/soccer/girls/match/northridge-layton-vs-weber-pleasant-view/8-10-2026/?c=6ac6aa4f-37b3-4e06-9fd8-1a4ac2b96d05,6ac6aa4f-37b3-4e06-9fd8-1a4ac2b96d05,hIz6nK0FWkOCWu7w8OFOxw,8aU3aN5kiEyMyiHI36acgQ,,,,0
2026-08-10,UT,West,Roy,0,0,0,0,contest-box,https://www.maxpreps.com/ut/soccer/girls/match/roy-vs-west-salt-lake-city/8-10-2026/?c=10e740c1-9c33-45a7-92e9-00a79d03b486,10e740c1-9c33-45a7-92e9-00a79d03b486,z1E1xxuyd0G6i3NJAqCoIQ,Ug41sf7tgEGqZrYBNaaKzA,,,away,0
2026-08-11,UT,Beaver,Richfield,0,6,0,0,contest-box,https://www.maxpreps.com/ut/soccer/girls/match/beaver-vs-richfield/8-11-2026/?c=ef707fdd-f9a9-422b-8a75-3ad52a44e9a3,ef707fdd-f9a9-422b-8a75-3ad52a44e9a3,h0e_0l5RKki2YHjIK42s8Q,EkE7d-kpBkyNzLAyIZ3Ybw,,,,0
2026-08-11,UT,Box Elder,Morgan,7,2,0,0,contest-box,https://www.maxpreps.com/ut/soccer/girls/match/box-elder-brigham-city-vs-morgan/8-11-2026/?c=2a31ee8d-f058-4ba3-a267-1d77e68f2037,2a31ee8d-f058-4ba3-a267-1d77e68f2037,0SBsTFySgU21WIhalXEU5g,eJHY5fS2DE6RSrs2YUK4vw,15,,,0
2026-08-11,UT,Brighton,Hillcrest,7,0,0,0,contest-box,https://www.maxpreps.com/ut/soccer/girls/match/brighton-salt-lake-city-vs-hillcrest-midvale/8-11-2026/?c=c0e548dc-f0d8-4a9e-be46-420a10a56e29,c0e548dc-f0d8-4a9e-be46-420a10a56e29,d7o70ttTskORC2J1WRlTuQ,gtdtvRkPcE2cO8-2VCtkig,11,,,0
2026-08-11,UT,Clearfield,Woods Cross,0,1,0,0,contest-box,https://www.maxpreps.com/ut/soccer/girls/match/clearfield-vs-woods-cross/8-11-2026/?c=8e5808ae-55ef-42ed-ba2e-535b71a1fda6,8e5808ae-55ef-42ed-ba2e-535b71a1fda6,szv6Ia2yJ0GYwLahjBqswA,AP9OOlVsw0SpBYPbGVqDgQ,,,,0
2026-08-11,UT,Corner Canyon,Herriman,0,0,0,0,contest-box,https://www.maxpreps.com/ut/soccer/girls/match/corner-canyon-draper-vs-herriman-west-herriman/8-11-2026/?c=7f65b752-8efd-4575-9be3-c6fd0ae3dfd8,7f65b752-8efd-4575-9be3-c6fd0ae3dfd8,as5NfsG3mk2VnIks1LIn3w,wXAir_SbY0eRABmtlEcktQ,20,,home,0
2026-08-11,UT,Deer Creek,Salt Lake Academy,1,2,0,0,contest-box,https://www.maxpreps.com/ut/soccer/girls/match/deer-creek-heber-city-vs-salt-lake-academy-herriman/8-11-2026/?c=c8d7bbaa-35dc-4a74-b05f-171a3f19e39d,c8d7bbaa-35dc-4a74-b05f-171a3f19e39d,e-jFFn_fNkK1b503lTHGQQ,ULD7YC0by0CENSv4S97SPA,,,,0
2026-08-11,UT,East,Taylorsville,7,0,0,0,contest-box,https://www.maxpreps.com/ut/soccer/girls/match/east-salt-lake-city-vs-taylorsville/8-11-2026/?c=7f9a7702-5c27-4ae1-a5bc-34997c7be01d,7f9a7702-5c27-4ae1-a5bc-34997c7be01d,2C75q91bQE-BvgyPOTV8_w,F_Mxeo3mH0CvCCVRj4PJPA,17,,,0
2026-08-11,UT,Emery,Delta,0,5,0,0,contest-box,https://www.maxpreps.com/ut/soccer/girls/match/delta-vs-emery-castle-dale/8-11-2026/?c=4dcdf5db-294a-4ba8-88cd-a4844d3065bf,4dcdf5db-294a-4ba8-88cd-a4844d3065bf,Bos_J2uWu0KpBMuw8n3XvA,2waxi2_uMUmULPI-C4W2rg,,,,0
2026-08-11,UT,Enterprise,American Leadership Academy,1,3,0,0,contest-box,https://www.maxpreps.com/ut/soccer/girls/match/american-leadership-academy-spanish-fork-vs-enterprise/8-11-2026/?c=ae15b5a6-317b-46a2-89e0-60f2130f166c,ae15b5a6-317b-46a2-89e0-60f2130f166c,TMtlPq-joECmYu-slufHKQ,vamWny48nUyvwGsZjOV7iA,,,,0
2026-08-11,UT,Fremont,Mountain Crest,0,7,0,0,contest-box,https://www.maxpreps.com/ut/soccer/girls/match/fremont-plain-city-vs-mountain-crest-hyrum/8-11-2026/?c=890f8921-b222-48fe-b65e-d19f20f3d24c,890f8921-b222-48fe-b65e-d19f20f3d24c,VCdl3-YaU0W-8yHRuLj4bg,7L0kx5wiBUajGrJLhG15yQ,,,,0
2026-08-11,UT,Highland,Cedar Valley,1,4,0,0,contest-box,https://www.maxpreps.com/ut/soccer/girls/match/cedar-valley-eagle-mountain-vs-highland-salt-lake-city/8-11-2026/?c=fe3a868c-58e6-40d2-9778-21bef33dae10,fe3a868c-58e6-40d2-9778-21bef33dae10,n7DWjEgWxU-uxmTKUl-ieg,WlVT69X3b0WPe7a37tOPkA,,,,0
2026-08-11,UT,Hurricane,Mountain View,1,3,0,0,contest-box,https://www.maxpreps.com/ut/soccer/girls/match/hurricane-vs-mountain-view-orem/8-11-2026/?c=733c8d76-52d3-40bb-bfd1-c87ee996216f,733c8d76-52d3-40bb-bfd1-c87ee996216f,wZ-UCnEcOE6HRic5HUnC2A,1p0RST-Bh0ad4pNn-2kTnQ,,14,,0
2026-08-11,UT,Jordan,Logan,3,2,0,0,contest-box,https://www.maxpreps.com/ut/soccer/girls/match/jordan-sandy-vs-logan/8-11-2026/?c=07ad184d-eafb-4780-bdad-ed1fead07d77,07ad184d-eafb-4780-bdad-ed1fead07d77,5U7a5pYpeEyNewmUbeHelg,WjLZnjAXY0G52j7wK2anow,,,,0
2026-08-11,UT,Kearns,Murray,0,1,0,0,contest-box,https://www.maxpreps.com/ut/soccer/girls/match/kearns-vs-murray/8-11-2026/?c=f0386337-bddf-439e-a578-67ad4ab1bdd4,f0386337-bddf-439e-a578-67ad4ab1bdd4,tif4SSihfE-eTHeOjNgcqw,6ZoPz6Kv90iP3duo40HrZA,,,,0
2026-08-11,UT,Layton,Riverton,1,3,0,0,contest-box,https://www.maxpreps.com/ut/soccer/girls/match/layton-vs-riverton/8-11-2026/?c=61550a5d-64ec-4a01-b450-f3d61868db24,61550a5d-64ec-4a01-b450-f3d61868db24,yYV_2EjmEkeUp5LoXBZ9og,A0ehELDkQUqAYDQnLNO9Hg,,,,0
2026-08-11,UT,Lehi,Mountain Ridge,3,2,0,0,contest-box,https://www.maxpreps.com/ut/soccer/girls/match/lehi-vs-mountain-ridge-herriman/8-11-2026/?c=4db8c486-65b4-450f-9e10-f275a4d40dc7,4db8c486-65b4-450f-9e10-f275a4d40dc7,tRUDUc9j1EKttvW-pMY7rQ,ljgQY2ykzkeLXP5Uw6rUlA,21,,,0
2026-08-11,UT,Lone Peak,Crimson Cliffs,1,5,0,0,contest-box,https://www.maxpreps.com/ut/soccer/girls/match/crimson-cliffs-washington-vs-lone-peak-highland/8-11-2026/?c=85870fbe-0a59-4b73-b3bf-f395016ef713,85870fbe-0a59-4b73-b3bf-f395016ef713,Wd-65503zEOodZOL3GB_LQ,Yr4Go1Cbi0yI68nKGZ42Uw,1,3,,0
2026-08-11,UT,Manti,Grantsville,10,2,0,0,contest-box,https://www.maxpreps.com/ut/soccer/girls/match/grantsville-vs-manti/8-11-2026/?c=37f55d30-911b-4add-96e0-e828523414dc,37f55d30-911b-4add-96e0-e828523414dc,VolHRBzydEWz9sXwLRnHQQ,oRzWdW4T806uW6T6lZEj8A,12,,,0
2026-08-11,UT,North Summit,Gunnison Valley,5,0,0,0,contest-box,https://www.maxpreps.com/ut/soccer/girls/match/gunnison-valley-vs-north-summit-coalville/8-11-2026/?c=a0a4f8eb-c0d0-465d-9746-a17e59d2c364,a0a4f8eb-c0d0-465d-9746-a17e59d2c364,Uh4QQ75ciE65D9KoAS0bGA,9vXe0yo80Eqv69sZ2zs_ng,,,,0
2026-08-11,UT,Northridge,Davis,0,6,0,0,contest-box,https://www.maxpreps.com/ut/soccer/girls/match/davis-kaysville-vs-northridge-layton/8-11-2026/?c=21ceb7d8-e9f8-4719-afe6-22442d0fa8d7,21ceb7d8-e9f8-4719-afe6-22442d0fa8d7,8aU3aN5kiEyMyiHI36acgQ,umZnjYyiz0-OFLZYQiT9mw,,5,,0
2026-08-11,UT,Ogden,Green Canyon,0,4,0,0,contest-box,https://www.maxpreps.com/ut/soccer/girls/match/green-canyon-wolfpack-north-logan-vs-ogden/8-11-2026/?c=a520b5cf-9ee2-4f27-808f-e1bb40997f17,a520b5cf-9ee2-4f27-808f-e1bb40997f17,uQRraPnHgUWU_D4qRt5R6A,gLQMMvp1_UCJpU48fSLqSg,,4,,0
2026-08-11,UT,Olympus,Park City,5,1,0,0,contest-box,https://www.maxpreps.com/ut/soccer/girls/match/olympus-salt-lake-city-vs-park-city/8-11-2026/?c=03c7b4a7-3673-4f34-a1c5-cd6c59fef537,03c7b4a7-3673-4f34-a1c5-cd6c59fef537,7HjpjwfzpU6GkdCeGFVh_Q,ALVZRgM-6UeCwdgAHFA1bw,7,2,,0
2026-08-11,UT,Orem,Westlake,2,1,0,0,contest-box,https://www.maxpreps.com/ut/soccer/girls/match/orem-vs-westlake-saratoga-springs/8-11-2026/?c=f3d95081-d94f-4cf2-a458-0304ea9d4abf,f3d95081-d94f-4cf2-a458-0304ea9d4abf,SoWWbqQ8u0SmsImc-E36PQ,h1tZDqJJvkWdYdYVSYZSWw,,,,0
2026-08-11,UT,Payson,Summit Academy,4,0,0,0,contest-box,https://www.maxpreps.com/ut/soccer/girls/match/payson-vs-summit-academy-bluffdale/8-11-2026/?c=99492763-d930-4d7f-8c85-567eb327b3f6,99492763-d930-4d7f-8c85-567eb327b3f6,HZOTMPfRb0yQ5UUkcXYQZw,8q3vmVwvAkeHeTPVEoL7DA,,,,0
2026-08-11,UT,Provo,Sky View,2,2,0,0,contest-box,https://www.maxpreps.com/ut/soccer/girls/match/provo-vs-sky-view-smithfield/8-11-2026/?c=7b05bed9-3beb-4585-aaef-3479e418809a,7b05bed9-3beb-4585-aaef-3479e418809a,tHi7es56h0WUF4-rafUxCA,Ads5JSH8vUSLmBdh-YVWTg,,,home,0
2026-08-11,UT,Ridgeline,Maple Mountain,3,3,0,0,contest-box,https://www.maxpreps.com/ut/soccer/girls/match/maple-mountain-spanish-fork-vs-ridgeline-millville/8-11-2026/?c=81cd9cc1-955a-4c5c-8e2e-df77150cb878,81cd9cc1-955a-4c5c-8e2e-df77150cb878,ZdVdGaxSmkmKUW5abKOxYQ,7LyIC7MdBE2-cpDIW2ubAg,16,9,away,0
2026-08-11,UT,San Juan,Draper APA,2,0,0,0,contest-box,https://www.maxpreps.com/ut/soccer/girls/match/draper-apa-vs-san-juan-blanding/8-11-2026/?c=08e370d1-b173-4362-b136-a50c76188748,08e370d1-b173-4362-b136-a50c76188748,yx311UctvUKv4xx_Cd-dfA,w-XMMLAxU0S0iUqhvxjCDQ,,,,0
2026-08-11,UT,South Sevier,Maeser Prep Academy,0,10,0,0,contest-box,https://www.maxpreps.com/ut/soccer/girls/match/maeser-prep-academy-lindon-vs-south-sevier-monroe/8-11-2026/?c=d35c25df-7712-4bb2-a518-eb716b3d17c6,d35c25df-7712-4bb2-a518-eb716b3d17c6,Jur801Co7Ua6fnty0xbW3w,gLZnKJDlyE2I_Bh44UeetA,,,,0
2026-08-11,UT,Springville,Wasatch,1,0,0,0,contest-box,https://www.maxpreps.com/ut/soccer/girls/match/springville-vs-wasatch-heber-city/8-11-2026/?c=8e24bb4a-a067-4412-9557-ca91bfbed337,8e24bb4a-a067-4412-9557-ca91bfbed337,fjvhFKFTk0C2RT-vLhBjFQ,p5TM_kxq9kWfUzREg1kDzg,,13,,0
2026-08-11,UT,Syracuse,American Fork,1,3,0,0,contest-box,https://www.maxpreps.com/ut/soccer/girls/match/american-fork-vs-syracuse/8-11-2026/?c=517810ea-aa11-4c38-a2b0-82613309accd,517810ea-aa11-4c38-a2b0-82613309accd,uA7JayF8AkmMCgHdXNdYaw,saj8sDPEbEOr9lzA2920vQ,18,8,,0
2026-08-11,UT,Timpanogos,Pleasant Grove,0,2,0,0,contest-box,https://www.maxpreps.com/ut/soccer/girls/match/pleasant-grove-vs-timpanogos-orem/8-11-2026/?c=069c1c75-d2b6-4cc7-a75c-d0da90a47c74,069c1c75-d2b6-4cc7-a75c-d0da90a47c74,6hy10Uri6U2qCRt8vHtDUA,oFlF5I7CckK4gEE8o0M-qQ,,19,,0
2026-08-11,UT,Timpview,Alta,5,1,0,0,contest-box,https://www.maxpreps.com/ut/soccer/girls/match/alta-sandy-vs-timpview-provo/8-11-2026/?c=a77b7de1-45be-4e84-ab0d-34c803b1f76a,a77b7de1-45be-4e84-ab0d-34c803b1f76a,szh6QyUMT0y47k3WDJY0kA,nJDp5m789UihkixEDnDCOQ,22,,,0
2026-08-11,UT,Tooele,Cyprus,3,5,0,0,contest-box,https://www.maxpreps.com/ut/soccer/girls/match/cyprus-magna-vs-tooele/8-11-2026/?c=ae2ead0c-1ca9-4cc0-a83a-bf47bf16110a,ae2ead0c-1ca9-4cc0-a83a-bf47bf16110a,DAuMdnY5AUO8s7vtaY8eOQ,5kaVdvKpJkyz4KyhLAp2JQ,,,,0
2026-08-11,UT,Union,Juab,2,0,0,0,contest-box,https://www.maxpreps.com/ut/soccer/girls/match/juab-nephi-vs-union-roosevelt/8-11-2026/?c=a249f89c-ec80-4ab4-bbe4-8a6b42dd53a9,a249f89c-ec80-4ab4-bbe4-8a6b42dd53a9,WQTAUXyji06XfVOkLDovwA,dUvS7F01UUindP8SuMI6qg,,,,0
2026-08-11,UT,Waterford,Uintah,0,6,0,0,contest-box,https://www.maxpreps.com/ut/soccer/girls/match/uintah-vernal-vs-waterford-sandy/8-11-2026/?c=44705f5f-1c53-43d2-a27a-50c132d21536,44705f5f-1c53-43d2-a27a-50c132d21536,iYScz0lKmUqmVT_al-YcrA,A-vGTJ5dyEq97LSJmRt2ww,,,,0
2026-08-11,UT,West Field,Viewmont,0,1,0,0,contest-box,https://www.maxpreps.com/ut/soccer/girls/match/viewmont-bountiful-vs-west-field-taylor/8-11-2026/?c=bd58faed-766f-4bed-847f-e2d6b4e5a763,bd58faed-766f-4bed-847f-e2d6b4e5a763,J4BV14XsU0mbm_lDh2kzHw,Jn4kRvAczUe3Gk02GjwtCQ,,,,0
2026-08-11,UT,West Jordan,Copper Hills,0,12,0,0,contest-box,https://www.maxpreps.com/ut/soccer/girls/match/copper-hills-west-jordan-vs-west-jordan/8-11-2026/?c=e7e224a0-9f5f-44b5-ad33-bf1de6460126,e7e224a0-9f5f-44b5-ad33-bf1de6460126,JPzEnvfpC0ytQInOd7nuLQ,dz5TL8IJY0OLcjEyFH2sVQ,,,,0
2026-08-12,UT,Ben Lomond,Roy,2,1,0,0,contest-box,https://www.maxpreps.com/ut/soccer/girls/match/ben-lomond-ogden-vs-roy/8-12-2026/?c=bd9d674c-363e-4093-9149-1cf86d074606,bd9d674c-363e-4093-9149-1cf86d074606,XHyb82zTkEumpkG0wdDiVg,Ug41sf7tgEGqZrYBNaaKzA,,,,0
2026-08-12,UT,Deseret Peak,West,0,1,0,0,contest-box,https://www.maxpreps.com/ut/soccer/girls/match/deseret-peak-tooele-vs-west-salt-lake-city/8-12-2026/?c=fea650e1-4f17-44b3-b9f4-32bf0f1a67b7,fea650e1-4f17-44b3-b9f4-32bf0f1a67b7,POr_JTykwU-SmHKbACjH2g,z1E1xxuyd0G6i3NJAqCoIQ,,,,0
2026-08-12,UT,Galena,Stansbury,1,1,0,0,contest-box,https://www.maxpreps.com/inter-state/soccer/girls/match/galena-reno-nv-vs-stansbury-stansbury-park-ut/8-12-2026/?c=4a6ea1c1-882a-40ba-8a5c-ea4cb750fcf9,4a6ea1c1-882a-40ba-8a5c-ea4cb750fcf9,Tvs6GoVtFkarMBtupUzgYw,NhooN9iDeEqgJK6LBqjY1Q,,,,0
2026-08-12,UT,Pine View,Richfield,0,1,0,0,contest-box,https://www.maxpreps.com/ut/soccer/girls/match/pine-view-st-george-vs-richfield/8-12-2026/?c=6c1f54d3-dbe4-4066-a5cd-acc13244b3a4,6c1f54d3-dbe4-4066-a5cd-acc13244b3a4,4LMSCP6jxEya7MYQ-odqLQ,EkE7d-kpBkyNzLAyIZ3Ybw,,,,0
2026-08-12,UT,St. Joseph,Juan Diego Catholic,0,2,0,0,contest-box,https://www.maxpreps.com/ut/soccer/girls/match/juan-diego-catholic-draper-vs-st-joseph-ogden/8-12-2026/?c=4d44d432-27b1-4651-9667-bb68b9422d39,4d44d432-27b1-4651-9667-bb68b9422d39,ojCwmUEcV0qyZBT6zyI_Vg,rUZA3kk53ESdn4Gr2gfpeA,,,,0
2026-08-13,UT,American Leadership Academy,San Juan,2,0,0,0,contest-box,https://www.maxpreps.com/ut/soccer/girls/match/american-leadership-academy-spanish-fork-vs-san-juan-blanding/8-13-2026/?c=c42ee387-c82d-4d85-aeb1-8cc8e73008a4,c42ee387-c82d-4d85-aeb1-8cc8e73008a4,vamWny48nUyvwGsZjOV7iA,yx311UctvUKv4xx_Cd-dfA,,,,0
2026-08-13,UT,Bear River,Bonneville,0,2,0,0,contest-box,https://www.maxpreps.com/ut/soccer/girls/match/bear-river-garland-vs-bonneville-washington-terrace/8-13-2026/?c=4ab6dda3-6cdd-411c-ae22-90aa62e2e040,4ab6dda3-6cdd-411c-ae22-90aa62e2e040,NGgliQsUlUezFT0g_n92Qg,A5FbmWmy1kCQbK_104f4xw,,24,,0
2026-08-13,UT,Box Elder,Sky View,1,0,0,0,contest-box,https://www.maxpreps.com/ut/soccer/girls/match/box-elder-brigham-city-vs-sky-view-smithfield/8-13-2026/?c=b9f3223d-88b7-4bfd-a553-6ededf69c49c,b9f3223d-88b7-4bfd-a553-6ededf69c49c,0SBsTFySgU21WIhalXEU5g,Ads5JSH8vUSLmBdh-YVWTg,15,,,0
2026-08-13,UT,Copper Hills,Alta,3,1,0,0,contest-box,https://www.maxpreps.com/ut/soccer/girls/match/alta-sandy-vs-copper-hills-west-jordan/8-13-2026/?c=28036f3f-ac7c-4762-9342-e8351ed34e5e,28036f3f-ac7c-4762-9342-e8351ed34e5e,dz5TL8IJY0OLcjEyFH2sVQ,nJDp5m789UihkixEDnDCOQ,,,,0
2026-08-13,UT,Cyprus,Brighton,0,8,0,0,team-schedule-deleted,,88a92167-0beb-4ea8-8c36-a34a3d176bbf,5kaVdvKpJkyz4KyhLAp2JQ,d7o70ttTskORC2J1WRlTuQ,,,,1
2026-08-13,UT,Delta,Parowan,5,2,0,0,contest-box,https://www.maxpreps.com/ut/soccer/girls/match/delta-vs-parowan/8-13-2026/?c=6d3d49c9-7e49-4ac2-8487-6ac039f98981,6d3d49c9-7e49-4ac2-8487-6ac039f98981,2waxi2_uMUmULPI-C4W2rg,xBgZr-cSTkS0Cwg7HQSmrg,,,,0
2026-08-13,UT,Emery,Enterprise,1,4,0,0,contest-box,https://www.maxpreps.com/ut/soccer/girls/match/emery-castle-dale-vs-enterprise/8-13-2026/?c=a6298659-0c32-49e7-8a4f-95b335eea162,a6298659-0c32-49e7-8a4f-95b335eea162,Bos_J2uWu0KpBMuw8n3XvA,TMtlPq-joECmYu-slufHKQ,,,,0
2026-08-13,UT,Grantsville,Deseret Peak,5,1,0,0,contest-box,https://www.maxpreps.com/ut/soccer/girls/match/deseret-peak-tooele-vs-grantsville/8-13-2026/?c=11089652-13f2-4db7-9e5d-b559b9a1b14f,11089652-13f2-4db7-9e5d-b559b9a1b14f,oRzWdW4T806uW6T6lZEj8A,POr_JTykwU-SmHKbACjH2g,,,,0
2026-08-13,UT,Green Canyon,Clearfield,8,0,0,0,contest-box,https://www.maxpreps.com/ut/soccer/girls/match/clearfield-vs-green-canyon-wolfpack-north-logan/8-13-2026/?c=03227346-160a-4d11-a53d-1acf9e79431d,03227346-160a-4d11-a53d-1acf9e79431d,gLQMMvp1_UCJpU48fSLqSg,szv6Ia2yJ0GYwLahjBqswA,4,,,0
2026-08-13,UT,Jordan,Cedar Valley,1,7,0,0,contest-box,https://www.maxpreps.com/ut/soccer/girls/match/cedar-valley-eagle-mountain-vs-jordan-sandy/8-13-2026/?c=1b0e36d7-73d3-4066-973c-ddb6c2ee450c,1b0e36d7-73d3-4066-973c-ddb6c2ee450c,5U7a5pYpeEyNewmUbeHelg,WlVT69X3b0WPe7a37tOPkA,,,,0
2026-08-13,UT,Lehi,Herriman,2,0,0,0,contest-box,https://www.maxpreps.com/ut/soccer/girls/match/herriman-west-herriman-vs-lehi/8-13-2026/?c=0d7210bc-42ea-4d48-a704-ee8d88eb1cc7,0d7210bc-42ea-4d48-a704-ee8d88eb1cc7,tRUDUc9j1EKttvW-pMY7rQ,wXAir_SbY0eRABmtlEcktQ,21,,,0
2026-08-13,UT,Maeser Prep Academy,Juab,5,0,0,0,contest-box,https://www.maxpreps.com/ut/soccer/girls/match/juab-nephi-vs-maeser-prep-academy-lindon/8-13-2026/?c=4cb8b493-def9-4443-93e5-8cec9d48a39c,4cb8b493-def9-4443-93e5-8cec9d48a39c,gLZnKJDlyE2I_Bh44UeetA,dUvS7F01UUindP8SuMI6qg,,,,0
2026-08-13,UT,Maple Mountain,Lone Peak,0,2,0,0,contest-box,https://www.maxpreps.com/ut/soccer/girls/match/lone-peak-highland-vs-maple-mountain-spanish-fork/8-13-2026/?c=e5a30bf1-dc59-43f6-b34d-763a3b186bc1,e5a30bf1-dc59-43f6-b34d-763a3b186bc1,7LyIC7MdBE2-cpDIW2ubAg,Wd-65503zEOodZOL3GB_LQ,9,1,,0
2026-08-13,UT,Northridge,Farmington,0,5,0,0,contest-box,https://www.maxpreps.com/ut/soccer/girls/match/farmington-vs-northridge-layton/8-13-2026/?c=f86b773c-8353-4b82-8304-57bb0853b501,f86b773c-8353-4b82-8304-57bb0853b501,8aU3aN5kiEyMyiHI36acgQ,W5P6ZrIVD0qEpbRC4uHfDg,,10,,0
2026-08-13,UT,Ogden,Fremont,2,1,0,0,contest-box,https://www.maxpreps.com/ut/soccer/girls/match/fremont-plain-city-vs-ogden/8-13-2026/?c=615690eb-2c43-498a-a81e-d14cb60a76de,615690eb-2c43-498a-a81e-d14cb60a76de,uQRraPnHgUWU_D4qRt5R6A,VCdl3-YaU0W-8yHRuLj4bg,,,,0
2026-08-13,UT,Orem,Salem Hills,0,2,0,0,contest-box,https://www.maxpreps.com/ut/soccer/girls/match/orem-vs-salem-hills/8-13-2026/?c=47ce2471-e94d-4276-9b2e-58de672b64b5,47ce2471-e94d-4276-9b2e-58de672b64b5,SoWWbqQ8u0SmsImc-E36PQ,0qGZxmqQ9EebK3P_H5Hnhg,,,,0
2026-08-13,UT,Pleasant Grove,Layton,4,0,0,0,contest-box,https://www.maxpreps.com/ut/soccer/girls/match/layton-vs-pleasant-grove/8-13-2026/?c=62161c70-5d26-41d9-a1c1-48b559380801,62161c70-5d26-41d9-a1c1-48b559380801,oFlF5I7CckK4gEE8o0M-qQ,yYV_2EjmEkeUp5LoXBZ9og,19,,,0
2026-08-13,UT,Richfield,Union,2,1,0,0,contest-box,https://www.maxpreps.com/ut/soccer/girls/match/richfield-vs-union-roosevelt/8-13-2026/?c=2f720acc-911e-4c2b-a5e3-e7f6332fdcee,2f720acc-911e-4c2b-a5e3-e7f6332fdcee,EkE7d-kpBkyNzLAyIZ3Ybw,WQTAUXyji06XfVOkLDovwA,,,,0
2026-08-13,UT,Riverton,Syracuse,2,3,0,0,contest-box,https://www.maxpreps.com/ut/soccer/girls/match/riverton-vs-syracuse/8-13-2026/?c=bcbc8774-d7cd-4913-b3a3-359aa0f3ec27,bcbc8774-d7cd-4913-b3a3-359aa0f3ec27,A0ehELDkQUqAYDQnLNO9Hg,uA7JayF8AkmMCgHdXNdYaw,,18,,0
2026-08-13,UT,Salt Lake Academy,Hillcrest,4,2,0,0,contest-box,https://www.maxpreps.com/ut/soccer/girls/match/hillcrest-midvale-vs-salt-lake-academy-herriman/8-13-2026/?c=b077963c-e5b5-4a97-acb7-47171803072d,b077963c-e5b5-4a97-acb7-47171803072d,ULD7YC0by0CENSv4S97SPA,gtdtvRkPcE2cO8-2VCtkig,,,,0
2026-08-13,UT,Skyline,Waterford,2,0,0,0,contest-box,https://www.maxpreps.com/ut/soccer/girls/match/skyline-salt-lake-city-vs-waterford-sandy/8-13-2026/?c=e188b5e6-933e-40b3-ae11-13a97e96b58c,e188b5e6-933e-40b3-ae11-13a97e96b58c,dHHlIoYsbEmZybAkuFfL4A,iYScz0lKmUqmVT_al-YcrA,,,,0
2026-08-13,UT,Snow Canyon,American Fork,1,2,0,0,contest-box,https://www.maxpreps.com/ut/soccer/girls/match/american-fork-vs-snow-canyon-st-george/8-13-2026/?c=67623e35-c7c9-4bff-b0fb-1e62a8c0b235,67623e35-c7c9-4bff-b0fb-1e62a8c0b235,Pd0LBY79vkOqJVvNCMHVfQ,saj8sDPEbEOr9lzA2920vQ,25,8,,0
2026-08-13,UT,South Sevier,Summit Academy,1,6,0,0,contest-box,https://www.maxpreps.com/ut/soccer/girls/match/south-sevier-monroe-vs-summit-academy-bluffdale/8-13-2026/?c=6273d786-246f-4370-affb-205b1484bf07,6273d786-246f-4370-affb-205b1484bf07,Jur801Co7Ua6fnty0xbW3w,8q3vmVwvAkeHeTPVEoL7DA,,,,0
2026-08-13,UT,Spanish Springs,Stansbury,0,1,0,0,contest-box,https://www.maxpreps.com/inter-state/soccer/girls/match/spanish-springs-sparks-nv-vs-stansbury-stansbury-park-ut/8-13-2026/?c=ddb29c5e-2846-4dfe-b868-09650cf07e44,ddb29c5e-2846-4dfe-b868-09650cf07e44,TrMrL8MWSU2QPw4V-VRfwQ,NhooN9iDeEqgJK6LBqjY1Q,,,,0
2026-08-13,UT,Springville,West Field,1,0,0,0,contest-box,https://www.maxpreps.com/ut/soccer/girls/match/springville-vs-west-field-taylor/8-13-2026/?c=82a07cd7-6bef-4e1c-bd3e-4fe336c5ded4,82a07cd7-6bef-4e1c-bd3e-4fe336c5ded4,fjvhFKFTk0C2RT-vLhBjFQ,J4BV14XsU0mbm_lDh2kzHw,,,,0
2026-08-13,UT,Taylorsville,Murray,0,1,0,0,contest-box,https://www.maxpreps.com/ut/soccer/girls/match/murray-vs-taylorsville/8-13-2026/?c=090a412e-9716-41ef-a1ae-519b371a4940,090a412e-9716-41ef-a1ae-519b371a4940,F_Mxeo3mH0CvCCVRj4PJPA,6ZoPz6Kv90iP3duo40HrZA,,,,0
2026-08-13,UT,Uintah,Judge Memorial Catholic,3,1,0,0,contest-box,https://www.maxpreps.com/ut/soccer/girls/match/judge-memorial-catholic-salt-lake-city-vs-uintah-vernal/8-13-2026/?c=d09045e8-0cb3-4e9e-ada2-0cae8e678658,d09045e8-0cb3-4e9e-ada2-0cae8e678658,A-vGTJ5dyEq97LSJmRt2ww,tv2UWXQ6UUydRA7utC1O4Q,,,,0
2026-08-13,UT,Viewmont,Davis,2,3,0,0,contest-box,https://www.maxpreps.com/ut/soccer/girls/match/davis-kaysville-vs-viewmont-bountiful/8-13-2026/?c=6ead7496-9f06-4d3e-8378-26e675afb4d7,6ead7496-9f06-4d3e-8378-26e675afb4d7,Jn4kRvAczUe3Gk02GjwtCQ,umZnjYyiz0-OFLZYQiT9mw,,5,,0
2026-08-13,UT,Wasatch,Spanish Fork,2,1,0,0,contest-box,https://www.maxpreps.com/ut/soccer/girls/match/spanish-fork-vs-wasatch-heber-city/8-13-2026/?c=c4bebf19-74a1-4b89-8c08-187f6a8d13bd,c4bebf19-74a1-4b89-8c08-187f6a8d13bd,p5TM_kxq9kWfUzREg1kDzg,iDNn5k1wEkGUq8u994wbhg,13,,,0
2026-08-13,UT,Weber,Mountain Ridge,0,1,0,0,contest-box,https://www.maxpreps.com/ut/soccer/girls/match/mountain-ridge-herriman-vs-weber-pleasant-view/8-13-2026/?c=b33cfe11-d2a6-46f0-9575-39b4b08801b7,b33cfe11-d2a6-46f0-9575-39b4b08801b7,hIz6nK0FWkOCWu7w8OFOxw,ljgQY2ykzkeLXP5Uw6rUlA,,,,0
2026-08-14,UT,Ben Lomond,Hunter,4,0,0,0,contest-box,https://www.maxpreps.com/ut/soccer/girls/match/ben-lomond-ogden-vs-hunter-west-valley-city/8-14-2026/?c=924d1d6b-aced-4794-9d95-c9c64e05dc9c,924d1d6b-aced-4794-9d95-c9c64e05dc9c,XHyb82zTkEumpkG0wdDiVg,wbAV7pAD4UiLfonNnDT19w,,,,0
2026-08-14,UT,Bishop Manogue,Stansbury,1,2,0,0,contest-box,https://www.maxpreps.com/inter-state/soccer/girls/match/bishop-manogue-reno-nv-vs-stansbury-stansbury-park-ut/8-14-2026/?c=4a9d3133-67d3-4c76-8e39-37fcf204c6d5,4a9d3133-67d3-4c76-8e39-37fcf204c6d5,K9QJojir20W_5jJl-wpZVg,NhooN9iDeEqgJK6LBqjY1Q,,,,0
2026-08-14,UT,Bountiful,Kearns,5,0,0,0,contest-box,https://www.maxpreps.com/ut/soccer/girls/match/bountiful-vs-kearns/8-14-2026/?c=51dcbdc4-2199-461d-bd34-a706469b5814,51dcbdc4-2199-461d-bd34-a706469b5814,gp9RBPuTDkCfuM7BEb_IzQ,tif4SSihfE-eTHeOjNgcqw,6,,,0
2026-08-14,UT,Carbon,Cedar,2,0,0,0,contest-box,https://www.maxpreps.com/ut/soccer/girls/match/carbon-price-vs-cedar-cedar-city/8-14-2026/?c=4fef473b-4df4-4330-9a8c-6d799e6279d5,4fef473b-4df4-4330-9a8c-6d799e6279d5,gthncdwH2UGfCZTIABdUxQ,epqAqJIXWU6BFUbmpp69ig,,,,0
2026-08-14,UT,Deer Creek,Desert Hills,1,2,0,0,contest-box,https://www.maxpreps.com/ut/soccer/girls/match/deer-creek-heber-city-vs-desert-hills-st-george/8-14-2026/?c=71ed1013-8f30-472d-90b3-9d731bc3b418,71ed1013-8f30-472d-90b3-9d731bc3b418,e-jFFn_fNkK1b503lTHGQQ,aXsjChoH6Eaq8uFvvNvkvA,,23,,0
2026-08-14,UT,Grand County,Union,1,4,0,0,contest-box,https://www.maxpreps.com/ut/soccer/girls/match/grand-county-moab-vs-union-roosevelt/8-14-2026/?c=0955692a-3578-4af8-9dc6-b4ee1d639978,0955692a-3578-4af8-9dc6-b4ee1d639978,GiB8Xpczq0OcdwUsMRpm0Q,WQTAUXyji06XfVOkLDovwA,,,,0
2026-08-14,UT,Logan,West,2,0,0,0,contest-box,https://www.maxpreps.com/ut/soccer/girls/match/logan-vs-west-salt-lake-city/8-14-2026/?c=7f00da2d-e6ea-48dc-a176-34784d92f3c0,7f00da2d-e6ea-48dc-a176-34784d92f3c0,WjLZnjAXY0G52j7wK2anow,z1E1xxuyd0G6i3NJAqCoIQ,,,,0
2026-08-14,UT,Morgan,Bonneville,3,5,0,0,contest-box,https://www.maxpreps.com/ut/soccer/girls/match/bonneville-washington-terrace-vs-morgan/8-14-2026/?c=18a2693c-c8b5-4d64-ac54-753116b9b10c,18a2693c-c8b5-4d64-ac54-753116b9b10c,eJHY5fS2DE6RSrs2YUK4vw,A5FbmWmy1kCQbK_104f4xw,,24,,0
2026-08-14,UT,Mountain View,Skyridge,3,2,0,0,contest-box,https://www.maxpreps.com/ut/soccer/girls/match/mountain-view-orem-vs-skyridge-lehi/8-14-2026/?c=c8f9a5d3-c1cb-468a-93d3-6c17ef4388f2,c8f9a5d3-c1cb-468a-93d3-6c17ef4388f2,1p0RST-Bh0ad4pNn-2kTnQ,VwsPSpAaGkyHOF7QvWG_nQ,14,,,0
2026-08-14,UT,North Sanpete,Delta,4,0,0,0,contest-box,https://www.maxpreps.com/ut/soccer/girls/match/delta-vs-north-sanpete-mt-pleasant/8-14-2026/?c=f2946670-5d4f-45e3-a07c-598ab71f1371,f2946670-5d4f-45e3-a07c-598ab71f1371,VUyQmU-xsEC1C1CBc44gpg,2waxi2_uMUmULPI-C4W2rg,,,,0
2026-08-14,UT,Pine View,Payson,4,0,0,0,contest-box,https://www.maxpreps.com/ut/soccer/girls/match/payson-vs-pine-view-st-george/8-14-2026/?c=302267ea-1d71-4dc9-a022-86629b25bf72,302267ea-1d71-4dc9-a022-86629b25bf72,4LMSCP6jxEya7MYQ-odqLQ,HZOTMPfRb0yQ5UUkcXYQZw,,,,0
2026-08-14,UT,Roy,Westlake,1,5,0,0,contest-box,https://www.maxpreps.com/ut/soccer/girls/match/roy-vs-westlake-saratoga-springs/8-14-2026/?c=6ad76ba0-8046-4935-b9ce-ec4a287e72d8,6ad76ba0-8046-4935-b9ce-ec4a287e72d8,Ug41sf7tgEGqZrYBNaaKzA,h1tZDqJJvkWdYdYVSYZSWw,,,,0
2026-08-14,UT,San Juan,Manti,0,4,0,0,contest-box,https://www.maxpreps.com/ut/soccer/girls/match/manti-vs-san-juan-blanding/8-14-2026/?c=e172fda6-0f3e-4ed2-b609-c12dfd969880,e172fda6-0f3e-4ed2-b609-c12dfd969880,yx311UctvUKv4xx_Cd-dfA,VolHRBzydEWz9sXwLRnHQQ,,12,,0
2026-08-14,UT,Timpview,Provo,2,3,0,0,contest-box,https://www.maxpreps.com/ut/soccer/girls/match/provo-vs-timpview-provo/8-14-2026/?c=b6e4038e-3c51-4137-aac3-153b72d2a7b8,b6e4038e-3c51-4137-aac3-153b72d2a7b8,szh6QyUMT0y47k3WDJY0kA,tHi7es56h0WUF4-rafUxCA,22,,,0
2026-08-15,UT,Crimson Cliffs,American Fork,1,1,0,0,contest-box,https://www.maxpreps.com/ut/soccer/girls/match/american-fork-vs-crimson-cliffs-washington/8-15-2026/?c=7a098e27-38a1-4f5c-9264-073c03fe1334,7a098e27-38a1-4f5c-9264-073c03fe1334,Yr4Go1Cbi0yI68nKGZ42Uw,saj8sDPEbEOr9lzA2920vQ,3,8,away,0
2026-08-15,UT,Dixie,Payson,1,0,0,0,contest-box,https://www.maxpreps.com/ut/soccer/girls/match/dixie-st-george-vs-payson/8-15-2026/?c=c6442236-ed42-408a-9664-1c59e038a3ac,c6442236-ed42-408a-9664-1c59e038a3ac,SByCRbMV5k2Eu2sWwFKK3A,HZOTMPfRb0yQ5UUkcXYQZw,,,,0
2026-08-15,UT,Fremont,Weber,1,2,0,0,contest-box,https://www.maxpreps.com/ut/soccer/girls/match/fremont-plain-city-vs-weber-pleasant-view/8-15-2026/?c=157d92a9-e652-4443-a8c3-16a997c5650f,157d92a9-e652-4443-a8c3-16a997c5650f,VCdl3-YaU0W-8yHRuLj4bg,hIz6nK0FWkOCWu7w8OFOxw,,,,0
2026-08-15,UT,Grand County,Manti,0,8,0,0,contest-box,https://www.maxpreps.com/ut/soccer/girls/match/grand-county-moab-vs-manti/8-15-2026/?c=7f67702e-cf38-4b10-88e3-317cc60734a7,7f67702e-cf38-4b10-88e3-317cc60734a7,GiB8Xpczq0OcdwUsMRpm0Q,VolHRBzydEWz9sXwLRnHQQ,,12,,0
2026-08-15,UT,Pine View,Canyon View,1,2,0,0,contest-box,https://www.maxpreps.com/ut/soccer/girls/match/canyon-view-cedar-city-vs-pine-view-st-george/8-15-2026/?c=dde1647d-5ea5-41da-8115-032f1e508889,dde1647d-5ea5-41da-8115-032f1e508889,4LMSCP6jxEya7MYQ-odqLQ,pKaA2FCaWE2UytvY8keBbQ,,,,0
2026-08-15,UT,Roy,Granger,2,4,0,0,contest-box,https://www.maxpreps.com/ut/soccer/girls/match/granger-west-valley-city-vs-roy/8-15-2026/?c=18f01e6a-5a74-4f16-bb1d-64c993d1564d,18f01e6a-5a74-4f16-bb1d-64c993d1564d,Ug41sf7tgEGqZrYBNaaKzA,7ItcFlSYIkapzWDQ83q5lA,,,,0
2026-08-15,UT,Viewmont,Bear River,5,0,0,0,contest-box,https://www.maxpreps.com/ut/soccer/girls/match/bear-river-garland-vs-viewmont-bountiful/8-15-2026/?c=4fb51f3f-b837-4c36-8ee9-164b46879122,4fb51f3f-b837-4c36-8ee9-164b46879122,Jn4kRvAczUe3Gk02GjwtCQ,NGgliQsUlUezFT0g_n92Qg,,,,0
2026-08-15,UT,Wasatch,Desert Hills,2,0,0,0,contest-box,https://www.maxpreps.com/ut/soccer/girls/match/desert-hills-st-george-vs-wasatch-heber-city/8-15-2026/?c=8cc4dc28-3398-44b5-95df-639cfce63e18,8cc4dc28-3398-44b5-95df-639cfce63e18,p5TM_kxq9kWfUzREg1kDzg,aXsjChoH6Eaq8uFvvNvkvA,13,23,,0
2026-08-17,UT,Bear River,Green Canyon,0,8,0,0,contest-box,https://www.maxpreps.com/ut/soccer/girls/match/bear-river-garland-vs-green-canyon-wolfpack-north-logan/8-17-2026/?c=3ea71d24-264e-4ea4-8826-9e85f802b158,3ea71d24-264e-4ea4-8826-9e85f802b158,NGgliQsUlUezFT0g_n92Qg,gLQMMvp1_UCJpU48fSLqSg,,4,,0
2026-08-17,UT,Deseret Peak,Sky View,0,8,0,0,contest-box,https://www.maxpreps.com/ut/soccer/girls/match/deseret-peak-tooele-vs-sky-view-smithfield/8-17-2026/?c=c0a307e4-daa3-465f-9c81-1b97137118ee,c0a307e4-daa3-465f-9c81-1b97137118ee,POr_JTykwU-SmHKbACjH2g,Ads5JSH8vUSLmBdh-YVWTg,,,,0
2026-08-17,UT,Jordan,Park City,0,7,0,0,contest-box,https://www.maxpreps.com/ut/soccer/girls/match/jordan-sandy-vs-park-city/8-17-2026/?c=eb486e5a-795e-416d-8b4b-13177919cea1,eb486e5a-795e-416d-8b4b-13177919cea1,5U7a5pYpeEyNewmUbeHelg,ALVZRgM-6UeCwdgAHFA1bw,,2,,0
2026-08-17,UT,Juan Diego Catholic,Salem Hills,0,3,0,0,contest-box,https://www.maxpreps.com/ut/soccer/girls/match/juan-diego-catholic-draper-vs-salem-hills/8-17-2026/?c=a95097ec-fbf3-48a9-a8c9-b4358ebe1310,a95097ec-fbf3-48a9-a8c9-b4358ebe1310,rUZA3kk53ESdn4Gr2gfpeA,0qGZxmqQ9EebK3P_H5Hnhg,,,,0
2026-08-17,UT,Logan,East,0,6,0,0,contest-box,https://www.maxpreps.com/ut/soccer/girls/match/east-salt-lake-city-vs-logan/8-17-2026/?c=8f060e0d-f6ea-48a9-83a7-e567f5a36af0,8f060e0d-f6ea-48a9-83a7-e567f5a36af0,WjLZnjAXY0G52j7wK2anow,2C75q91bQE-BvgyPOTV8_w,,17,,0
2026-08-17,UT,Morgan,Brighton,0,6,0,0,contest-box,https://www.maxpreps.com/ut/soccer/girls/match/brighton-salt-lake-city-vs-morgan/8-17-2026/?c=4c7cd17b-664d-4013-94af-5e5ef6bf0e56,4c7cd17b-664d-4013-94af-5e5ef6bf0e56,eJHY5fS2DE6RSrs2YUK4vw,d7o70ttTskORC2J1WRlTuQ,,11,,0
2026-08-17,UT,Mountain Crest,Stansbury,1,0,0,0,contest-box,https://www.maxpreps.com/ut/soccer/girls/match/mountain-crest-hyrum-vs-stansbury-stansbury-park/8-17-2026/?c=df5beb9e-8649-4d40-b187-4feacbf10338,df5beb9e-8649-4d40-b187-4feacbf10338,7L0kx5wiBUajGrJLhG15yQ,NhooN9iDeEqgJK6LBqjY1Q,,,,0
2026-08-17,UT,Ogden,Farmington,1,5,0,0,contest-box,https://www.maxpreps.com/ut/soccer/girls/match/farmington-vs-ogden/8-17-2026/?c=c1904c9d-1e51-42d0-86b7-84e4ec576bff,c1904c9d-1e51-42d0-86b7-84e4ec576bff,uQRraPnHgUWU_D4qRt5R6A,W5P6ZrIVD0qEpbRC4uHfDg,,10,,0
2026-08-17,UT,Olympus,Lehi,0,1,0,0,contest-box,https://www.maxpreps.com/ut/soccer/girls/match/lehi-vs-olympus-salt-lake-city/8-17-2026/?c=20c39d4e-41eb-4170-87ff-fb456ee837ee,20c39d4e-41eb-4170-87ff-fb456ee837ee,7HjpjwfzpU6GkdCeGFVh_Q,tRUDUc9j1EKttvW-pMY7rQ,7,21,,0
2026-08-17,UT,Tooele,Ridgeline,0,10,0,0,contest-box,https://www.maxpreps.com/ut/soccer/girls/match/ridgeline-millville-vs-tooele/8-17-2026/?c=68ec2d99-9a74-44ea-be0f-e0bb82c2d175,68ec2d99-9a74-44ea-be0f-e0bb82c2d175,DAuMdnY5AUO8s7vtaY8eOQ,ZdVdGaxSmkmKUW5abKOxYQ,,16,,0
2026-08-18,UT,American Prep WV,North Summit,2,1,0,0,contest-box,https://www.maxpreps.com/ut/soccer/girls/match/american-prep-wv-west-valley-city-vs-north-summit-coalville/8-18-2026/?c=27ef1192-c12b-4b7b-b4d8-8fc7a30b29f9,27ef1192-c12b-4b7b-b4d8-8fc7a30b29f9,QfbajoUoqE6KmpaGJKIYxg,Uh4QQ75ciE65D9KoAS0bGA,,,,0
2026-08-18,UT,Box Elder,Bonneville,0,3,0,0,contest-box,https://www.maxpreps.com/ut/soccer/girls/match/bonneville-washington-terrace-vs-box-elder-brigham-city/8-18-2026/?c=757eceaa-fe76-4cff-b84e-d359f2f4e6c0,757eceaa-fe76-4cff-b84e-d359f2f4e6c0,0SBsTFySgU21WIhalXEU5g,A5FbmWmy1kCQbK_104f4xw,15,24,,0
2026-08-18,UT,Clearfield,Fremont,3,0,0,0,contest-box,https://www.maxpreps.com/ut/soccer/girls/match/clearfield-vs-fremont-plain-city/8-18-2026/?c=6857c472-08df-4ef3-a55c-5f3329cc9e2b,6857c472-08df-4ef3-a55c-5f3329cc9e2b,szv6Ia2yJ0GYwLahjBqswA,VCdl3-YaU0W-8yHRuLj4bg,,,,0
2026-08-18,UT,Corner Canyon,Weber,1,0,0,0,contest-box,https://www.maxpreps.com/ut/soccer/girls/match/corner-canyon-draper-vs-weber-pleasant-view/8-18-2026/?c=ba299b73-8f1e-4c76-8e58-78bd367fd834,ba299b73-8f1e-4c76-8e58-78bd367fd834,as5NfsG3mk2VnIks1LIn3w,hIz6nK0FWkOCWu7w8OFOxw,20,,,0
2026-08-18,UT,Davis,Skyridge,5,1,0,0,contest-box,https://www.maxpreps.com/ut/soccer/girls/match/davis-kaysville-vs-skyridge-lehi/8-18-2026/?c=6b59ed03-2e5e-4cc9-80da-cf06a87535a3,6b59ed03-2e5e-4cc9-80da-cf06a87535a3,umZnjYyiz0-OFLZYQiT9mw,VwsPSpAaGkyHOF7QvWG_nQ,5,,,0
2026-08-18,UT,Draper APA,American Leadership Academy,0,7,0,0,contest-box,https://www.maxpreps.com/ut/soccer/girls/match/american-leadership-academy-spanish-fork-vs-draper-apa/8-18-2026/?c=5bd47bfa-09e4-4104-a664-94fcd647173f,5bd47bfa-09e4-4104-a664-94fcd647173f,w-XMMLAxU0S0iUqhvxjCDQ,vamWny48nUyvwGsZjOV7iA,,,,0
2026-08-18,UT,Enterprise,Millard,1,0,0,0,contest-box,https://www.maxpreps.com/ut/soccer/girls/match/enterprise-vs-millard-fillmore/8-18-2026/?c=a51831c2-d5f0-4a1e-a106-92f22fd64379,a51831c2-d5f0-4a1e-a106-92f22fd64379,TMtlPq-joECmYu-slufHKQ,tG05w1fT8EWcQYN2P3gbfA,,,,0
2026-08-18,UT,Grantsville,Waterford,3,1,0,0,contest-box,https://www.maxpreps.com/ut/soccer/girls/match/grantsville-vs-waterford-sandy/8-18-2026/?c=6e4a45a3-0b4c-4541-891a-40d0e8a11db1,6e4a45a3-0b4c-4541-891a-40d0e8a11db1,oRzWdW4T806uW6T6lZEj8A,iYScz0lKmUqmVT_al-YcrA,,,,0
2026-08-18,UT,Gunnison Valley,Grand County,0,7,0,0,contest-box,https://www.maxpreps.com/ut/soccer/girls/match/grand-county-moab-vs-gunnison-valley/8-18-2026/?c=4b571073-42f6-4ab8-8aee-cc11ec5d5730,4b571073-42f6-4ab8-8aee-cc11ec5d5730,9vXe0yo80Eqv69sZ2zs_ng,GiB8Xpczq0OcdwUsMRpm0Q,,,,0
2026-08-18,UT,Hunter,Hillcrest,0,9,0,0,contest-box,https://www.maxpreps.com/ut/soccer/girls/match/hillcrest-midvale-vs-hunter-west-valley-city/8-18-2026/?c=9648e32a-279d-4c79-be65-55255d1297f8,9648e32a-279d-4c79-be65-55255d1297f8,wbAV7pAD4UiLfonNnDT19w,gtdtvRkPcE2cO8-2VCtkig,,,,0
2026-08-18,UT,Juab,Pine View,0,3,0,0,contest-box,https://www.maxpreps.com/ut/soccer/girls/match/juab-nephi-vs-pine-view-st-george/8-18-2026/?c=11985b05-591c-4f94-b965-a91001e4287e,11985b05-591c-4f94-b965-a91001e4287e,dUvS7F01UUindP8SuMI6qg,4LMSCP6jxEya7MYQ-odqLQ,,,,0
2026-08-18,UT,Kearns,West Jordan,8,0,0,0,contest-box,https://www.maxpreps.com/ut/soccer/girls/match/kearns-vs-west-jordan/8-18-2026/?c=14ee6b1a-d559-4513-bd7b-fe03ec2aeb0f,14ee6b1a-d559-4513-bd7b-fe03ec2aeb0f,tif4SSihfE-eTHeOjNgcqw,JPzEnvfpC0ytQInOd7nuLQ,,,,0
2026-08-18,UT,Layton,Alta,5,2,0,0,contest-box,https://www.maxpreps.com/ut/soccer/girls/match/alta-sandy-vs-layton/8-18-2026/?c=7b1cd7cc-1a07-4519-b5a5-24bc97b1c50d,7b1cd7cc-1a07-4519-b5a5-24bc97b1c50d,yYV_2EjmEkeUp5LoXBZ9og,nJDp5m789UihkixEDnDCOQ,,,,0
2026-08-18,UT,Lone Peak,Mountain Ridge,2,1,0,0,contest-box,https://www.maxpreps.com/ut/soccer/girls/match/lone-peak-highland-vs-mountain-ridge-herriman/8-18-2026/?c=b808c974-3594-493e-9b7e-762d477bd5c0,b808c974-3594-493e-9b7e-762d477bd5c0,Wd-65503zEOodZOL3GB_LQ,ljgQY2ykzkeLXP5Uw6rUlA,1,,,0
2026-08-18,UT,Manti,Delta,8,0,0,0,contest-box,https://www.maxpreps.com/ut/soccer/girls/match/delta-vs-manti/8-18-2026/?c=8f6024b0-2d9b-4983-88e9-f29b467ee858,8f6024b0-2d9b-4983-88e9-f29b467ee858,VolHRBzydEWz9sXwLRnHQQ,2waxi2_uMUmULPI-C4W2rg,12,,,0
2026-08-18,UT,Maple Mountain,Bountiful,4,7,0,0,contest-box,https://www.maxpreps.com/ut/soccer/girls/match/bountiful-vs-maple-mountain-spanish-fork/8-18-2026/?c=de7baac1-5504-4f9f-bc86-745807bef176,de7baac1-5504-4f9f-bc86-745807bef176,7LyIC7MdBE2-cpDIW2ubAg,gp9RBPuTDkCfuM7BEb_IzQ,9,6,,0
2026-08-18,UT,Mountain View,Deer Creek,6,1,0,0,contest-box,https://www.maxpreps.com/ut/soccer/girls/match/deer-creek-heber-city-vs-mountain-view-orem/8-18-2026/?c=1981fb8d-6caa-4fbc-83a8-1c6e3368dc1d,1981fb8d-6caa-4fbc-83a8-1c6e3368dc1d,1p0RST-Bh0ad4pNn-2kTnQ,e-jFFn_fNkK1b503lTHGQQ,14,,,0
2026-08-18,UT,Orem,Summit Academy,8,0,0,0,contest-box,https://www.maxpreps.com/ut/soccer/girls/match/orem-vs-summit-academy-bluffdale/8-18-2026/?c=507229ad-0ecf-4e35-8467-63addeacad2f,507229ad-0ecf-4e35-8467-63addeacad2f,SoWWbqQ8u0SmsImc-E36PQ,8q3vmVwvAkeHeTPVEoL7DA,,,,0
2026-08-18,UT,Parowan,Emery,9,1,0,0,contest-box,https://www.maxpreps.com/ut/soccer/girls/match/emery-castle-dale-vs-parowan/8-18-2026/?c=aba9f87e-630f-4fd4-9b46-a154611b887a,aba9f87e-630f-4fd4-9b46-a154611b887a,xBgZr-cSTkS0Cwg7HQSmrg,Bos_J2uWu0KpBMuw8n3XvA,,,,0
2026-08-18,UT,Payson,Canyon View,2,1,0,0,contest-box,https://www.maxpreps.com/ut/soccer/girls/match/canyon-view-cedar-city-vs-payson/8-18-2026/?c=c8e571ae-4cdd-45c7-9e32-5660758ad1b1,c8e571ae-4cdd-45c7-9e32-5660758ad1b1,HZOTMPfRb0yQ5UUkcXYQZw,pKaA2FCaWE2UytvY8keBbQ,,,,0
2026-08-18,UT,Richfield,North Sanpete,7,1,0,0,contest-box,https://www.maxpreps.com/ut/soccer/girls/match/north-sanpete-mt-pleasant-vs-richfield/8-18-2026/?c=d1926af0-4d8b-4190-affb-d59a41bf03d5,d1926af0-4d8b-4190-affb-d59a41bf03d5,EkE7d-kpBkyNzLAyIZ3Ybw,VUyQmU-xsEC1C1CBc44gpg,,,,0
2026-08-18,UT,Roy,Northridge,0,5,0,0,contest-box,https://www.maxpreps.com/ut/soccer/girls/match/northridge-layton-vs-roy/8-18-2026/?c=07ab484c-d068-4392-91b1-053ee99f5bd1,07ab484c-d068-4392-91b1-053ee99f5bd1,Ug41sf7tgEGqZrYBNaaKzA,8aU3aN5kiEyMyiHI36acgQ,,,,0
2026-08-18,UT,Salem Hills,American Heritage,4,2,0,0,contest-box,https://www.maxpreps.com/ut/soccer/girls/match/american-heritage-american-fork-vs-salem-hills/8-18-2026/?c=316bf483-5568-4837-8ac7-299ed64c8168,316bf483-5568-4837-8ac7-299ed64c8168,0qGZxmqQ9EebK3P_H5Hnhg,u_AxdR5CJ0CUbWPhzXh-pQ,,,,0
2026-08-18,UT,Skyline,Timpview,3,2,0,0,contest-box,https://www.maxpreps.com/ut/soccer/girls/match/skyline-salt-lake-city-vs-timpview-provo/8-18-2026/?c=fac6d080-236e-45b0-863e-86e34a8328da,fac6d080-236e-45b0-863e-86e34a8328da,dHHlIoYsbEmZybAkuFfL4A,szh6QyUMT0y47k3WDJY0kA,,22,,0
2026-08-18,UT,South Sevier,Beaver,1,6,0,0,contest-box,https://www.maxpreps.com/ut/soccer/girls/match/beaver-vs-south-sevier-monroe/8-18-2026/?c=78ddf36e-6194-425c-8909-879f3a4391b0,78ddf36e-6194-425c-8909-879f3a4391b0,Jur801Co7Ua6fnty0xbW3w,h0e_0l5RKki2YHjIK42s8Q,,,,0
2026-08-18,UT,Spanish Fork,American Fork,1,2,0,0,contest-box,https://www.maxpreps.com/ut/soccer/girls/match/american-fork-vs-spanish-fork/8-18-2026/?c=6b6ae290-996c-4cdb-be81-47e6786fbf6d,6b6ae290-996c-4cdb-be81-47e6786fbf6d,iDNn5k1wEkGUq8u994wbhg,saj8sDPEbEOr9lzA2920vQ,,8,,0
2026-08-18,UT,Springville,Bingham,4,2,0,0,contest-box,https://www.maxpreps.com/ut/soccer/girls/match/bingham-south-jordan-vs-springville/8-18-2026/?c=1fa447f3-c225-4c02-a1f5-bdf86e7ad64e,1fa447f3-c225-4c02-a1f5-bdf86e7ad64e,fjvhFKFTk0C2RT-vLhBjFQ,wDhzNoTXLkmoVMBs_GRHwQ,,,,0
2026-08-18,UT,Taylorsville,Granger,3,2,0,0,contest-box,https://www.maxpreps.com/ut/soccer/girls/match/granger-west-valley-city-vs-taylorsville/8-18-2026/?c=a147f057-ed25-4c45-9005-b7b9b57e8685,a147f057-ed25-4c45-9005-b7b9b57e8685,F_Mxeo3mH0CvCCVRj4PJPA,7ItcFlSYIkapzWDQ83q5lA,,,,0
2026-08-18,UT,Uintah,Timpanogos,2,3,0,0,contest-box,https://www.maxpreps.com/ut/soccer/girls/match/timpanogos-orem-vs-uintah-vernal/8-18-2026/?c=18d3149b-da94-48e1-b1f9-10fc064ec179,18d3149b-da94-48e1-b1f9-10fc064ec179,A-vGTJ5dyEq97LSJmRt2ww,6hy10Uri6U2qCRt8vHtDUA,,,,0
2026-08-18,UT,Wasatch,Provo,1,0,0,0,contest-box,https://www.maxpreps.com/ut/soccer/girls/match/provo-vs-wasatch-heber-city/8-18-2026/?c=3fcc56f9-0acb-421d-bbf0-402f1b927cb6,3fcc56f9-0acb-421d-bbf0-402f1b927cb6,p5TM_kxq9kWfUzREg1kDzg,tHi7es56h0WUF4-rafUxCA,13,,,0
2026-08-18,UT,West,Cyprus,1,2,0,0,contest-box,https://www.maxpreps.com/ut/soccer/girls/match/cyprus-magna-vs-west-salt-lake-city/8-18-2026/?c=fbb7797d-64d5-40e3-b08f-2e8455f5ea30,fbb7797d-64d5-40e3-b08f-2e8455f5ea30,z1E1xxuyd0G6i3NJAqCoIQ,5kaVdvKpJkyz4KyhLAp2JQ,,,,0
2026-08-19,UT,Green Canyon,Deseret Peak,10,1,0,0,contest-box,https://www.maxpreps.com/ut/soccer/girls/match/deseret-peak-tooele-vs-green-canyon-wolfpack-north-logan/8-19-2026/?c=01baed7c-1c74-411c-ae76-3ec5fbaeea79,01baed7c-1c74-411c-ae76-3ec5fbaeea79,gLQMMvp1_UCJpU48fSLqSg,POr_JTykwU-SmHKbACjH2g,4,,,0
2026-08-19,UT,Ridgeline,Bear River,5,0,0,0,contest-box,https://www.maxpreps.com/ut/soccer/girls/match/bear-river-garland-vs-ridgeline-millville/8-19-2026/?c=55678e43-1b69-42b6-9943-305059c248c6,55678e43-1b69-42b6-9943-305059c248c6,ZdVdGaxSmkmKUW5abKOxYQ,NGgliQsUlUezFT0g_n92Qg,16,,,0
2026-08-19,UT,Stansbury,Sky View,1,2,0,0,contest-box,https://www.maxpreps.com/ut/soccer/girls/match/sky-view-smithfield-vs-stansbury-stansbury-park/8-19-2026/?c=906479e5-9729-40b8-8943-e18ebc44849b,906479e5-9729-40b8-8943-e18ebc44849b,NhooN9iDeEqgJK6LBqjY1Q,Ads5JSH8vUSLmBdh-YVWTg,,,,0
2026-08-19,UT,Syracuse,Lehi,4,2,0,0,contest-box,https://www.maxpreps.com/ut/soccer/girls/match/lehi-vs-syracuse/8-19-2026/?c=52cd3b5e-cfe3-4edb-9d60-e0470f08363e,52cd3b5e-cfe3-4edb-9d60-e0470f08363e,uA7JayF8AkmMCgHdXNdYaw,tRUDUc9j1EKttvW-pMY7rQ,18,21,,0
2026-08-19,UT,Tooele,Mountain Crest,0,6,0,0,contest-box,https://www.maxpreps.com/ut/soccer/girls/match/mountain-crest-hyrum-vs-tooele/8-19-2026/?c=3b13842d-7cce-4573-bdf6-c11956e2e195,3b13842d-7cce-4573-bdf6-c11956e2e195,DAuMdnY5AUO8s7vtaY8eOQ,7L0kx5wiBUajGrJLhG15yQ,,,,0
2026-08-20,UT,American Fork,Skyline,2,0,0,0,contest-box,https://www.maxpreps.com/ut/soccer/girls/match/american-fork-vs-skyline-salt-lake-city/8-20-2026/?c=f63962fd-28f3-4a59-821c-f02d403e58f7,f63962fd-28f3-4a59-821c-f02d403e58f7,saj8sDPEbEOr9lzA2920vQ,dHHlIoYsbEmZybAkuFfL4A,8,,,0
2026-08-20,UT,American Leadership Academy,Juab,1,0,0,0,contest-box,https://www.maxpreps.com/ut/soccer/girls/match/american-leadership-academy-spanish-fork-vs-juab-nephi/8-20-2026/?c=1e1b17b9-79a7-4fb9-b512-6c3d0213326b,1e1b17b9-79a7-4fb9-b512-6c3d0213326b,vamWny48nUyvwGsZjOV7iA,dUvS7F01UUindP8SuMI6qg,,,,0
2026-08-20,UT,Bonneville,West Field,0,0,0,0,contest-box,https://www.maxpreps.com/ut/soccer/girls/match/bonneville-washington-terrace-vs-west-field-taylor/8-20-2026/?c=819cdf92-17f9-4af6-84ed-89f20e145f8d,819cdf92-17f9-4af6-84ed-89f20e145f8d,A5FbmWmy1kCQbK_104f4xw,J4BV14XsU0mbm_lDh2kzHw,24,,home,0
2026-08-20,UT,Bountiful,Alta,5,1,0,0,contest-box,https://www.maxpreps.com/ut/soccer/girls/match/alta-sandy-vs-bountiful/8-20-2026/?c=89c096fa-dcd1-4111-807f-913887e69745,89c096fa-dcd1-4111-807f-913887e69745,gp9RBPuTDkCfuM7BEb_IzQ,nJDp5m789UihkixEDnDCOQ,6,,,0
2026-08-20,UT,Cedar,Dixie,1,2,0,0,contest-box,https://www.maxpreps.com/ut/soccer/girls/match/cedar-cedar-city-vs-dixie-st-george/8-20-2026/?c=ce813952-5650-48e5-99b0-eab03e15dea0,ce813952-5650-48e5-99b0-eab03e15dea0,epqAqJIXWU6BFUbmpp69ig,SByCRbMV5k2Eu2sWwFKK3A,,,,0
2026-08-20,UT,Cedar Valley,Riverton,3,1,0,0,contest-box,https://www.maxpreps.com/ut/soccer/girls/match/cedar-valley-eagle-mountain-vs-riverton/8-20-2026/?c=b37dfa3d-eade-47b7-9616-70752d0436a5,b37dfa3d-eade-47b7-9616-70752d0436a5,WlVT69X3b0WPe7a37tOPkA,A0ehELDkQUqAYDQnLNO9Hg,,,,0
2026-08-20,UT,Corner Canyon,Layton,2,0,0,0,contest-box,https://www.maxpreps.com/ut/soccer/girls/match/corner-canyon-draper-vs-layton/8-20-2026/?c=4fe8a630-80fe-4eea-91df-b25411551995,4fe8a630-80fe-4eea-91df-b25411551995,as5NfsG3mk2VnIks1LIn3w,yYV_2EjmEkeUp5LoXBZ9og,20,,,0
2026-08-20,UT,Cottonwood,East,0,8,0,0,contest-box,https://www.maxpreps.com/ut/soccer/girls/match/cottonwood-salt-lake-city-vs-east-salt-lake-city/8-20-2026/?c=16807868-84cc-414f-8838-7bfaa656e28b,16807868-84cc-414f-8838-7bfaa656e28b,5005CJLWE0yYhDV6yknTfA,2C75q91bQE-BvgyPOTV8_w,,17,,0
2026-08-20,UT,Davis,Maple Mountain,4,3,0,0,contest-box,https://www.maxpreps.com/ut/soccer/girls/match/davis-kaysville-vs-maple-mountain-spanish-fork/8-20-2026/?c=1e03ce9a-461b-48b4-ac5f-a13806ae15da,1e03ce9a-461b-48b4-ac5f-a13806ae15da,umZnjYyiz0-OFLZYQiT9mw,7LyIC7MdBE2-cpDIW2ubAg,5,9,,0
2026-08-20,UT,Emery,Millard,0,3,0,0,contest-box,https://www.maxpreps.com/ut/soccer/girls/match/emery-castle-dale-vs-millard-fillmore/8-20-2026/?c=8e2821b6-6082-4775-a9d7-8fc4bdaaca46,8e2821b6-6082-4775-a9d7-8fc4bdaaca46,Bos_J2uWu0KpBMuw8n3XvA,tG05w1fT8EWcQYN2P3gbfA,,,,0
2026-08-20,UT,Fremont,Northridge,2,1,0,0,contest-box,https://www.maxpreps.com/ut/soccer/girls/match/fremont-plain-city-vs-northridge-layton/8-20-2026/?c=72298ef6-4f37-490c-8e93-4bdaee6feef0,72298ef6-4f37-490c-8e93-4bdaee6feef0,VCdl3-YaU0W-8yHRuLj4bg,8aU3aN5kiEyMyiHI36acgQ,,,,0
2026-08-20,UT,Granger,Cyprus,2,0,0,0,contest-box,https://www.maxpreps.com/ut/soccer/girls/match/cyprus-magna-vs-granger-west-valley-city/8-20-2026/?c=e034d350-2aec-4181-8518-db6530e984e6,e034d350-2aec-4181-8518-db6530e984e6,7ItcFlSYIkapzWDQ83q5lA,5kaVdvKpJkyz4KyhLAp2JQ,,,,0
2026-08-20,UT,Herriman,Salt Lake Academy,1,1,0,0,contest-box,https://www.maxpreps.com/ut/soccer/girls/match/herriman-west-herriman-vs-salt-lake-academy-herriman/8-20-2026/?c=90d214da-45a3-4ed5-8b22-9ff11127716c,90d214da-45a3-4ed5-8b22-9ff11127716c,wXAir_SbY0eRABmtlEcktQ,ULD7YC0by0CENSv4S97SPA,,,home,0
2026-08-20,UT,Hillcrest,Taylorsville,4,1,0,0,contest-box,https://www.maxpreps.com/ut/soccer/girls/match/hillcrest-midvale-vs-taylorsville/8-20-2026/?c=26257e55-5c19-4c91-8306-1563170bb707,26257e55-5c19-4c91-8306-1563170bb707,gtdtvRkPcE2cO8-2VCtkig,F_Mxeo3mH0CvCCVRj4PJPA,,,,0
2026-08-20,UT,Hurricane,Desert Hills,1,3,0,0,contest-box,https://www.maxpreps.com/ut/soccer/girls/match/desert-hills-st-george-vs-hurricane/8-20-2026/?c=42b1e2d9-1e56-475b-a6c2-c030d446f662,42b1e2d9-1e56-475b-a6c2-c030d446f662,wZ-UCnEcOE6HRic5HUnC2A,aXsjChoH6Eaq8uFvvNvkvA,,23,,0
2026-08-20,UT,Juan Diego Catholic,Judge Memorial Catholic,1,9,0,0,contest-box,https://www.maxpreps.com/ut/soccer/girls/match/juan-diego-catholic-draper-vs-judge-memorial-catholic-salt-lake-city/8-20-2026/?c=e7d87e0f-fa24-40fe-a8e7-dbceac24a6c0,e7d87e0f-fa24-40fe-a8e7-dbceac24a6c0,rUZA3kk53ESdn4Gr2gfpeA,tv2UWXQ6UUydRA7utC1O4Q,,,,0
2026-08-20,UT,Lehi,Grantsville,7,2,0,0,contest-box,https://www.maxpreps.com/ut/soccer/girls/match/grantsville-vs-lehi/8-20-2026/?c=8b28467e-419a-44f0-ac58-b898f9f3f12f,8b28467e-419a-44f0-ac58-b898f9f3f12f,tRUDUc9j1EKttvW-pMY7rQ,oRzWdW4T806uW6T6lZEj8A,21,,,0
2026-08-20,UT,Lone Peak,American Heritage,9,0,0,0,contest-box,https://www.maxpreps.com/ut/soccer/girls/match/american-heritage-american-fork-vs-lone-peak-highland/8-20-2026/?c=4b10c237-2ca3-4401-9454-990f5757990c,4b10c237-2ca3-4401-9454-990f5757990c,Wd-65503zEOodZOL3GB_LQ,u_AxdR5CJ0CUbWPhzXh-pQ,1,,,0
2026-08-20,UT,Mountain View,Wasatch,2,1,0,0,contest-box,https://www.maxpreps.com/ut/soccer/girls/match/mountain-view-orem-vs-wasatch-heber-city/8-20-2026/?c=0bc7a4e4-1d7c-4620-8631-8c6034d0c9ca,0bc7a4e4-1d7c-4620-8631-8c6034d0c9ca,1p0RST-Bh0ad4pNn-2kTnQ,p5TM_kxq9kWfUzREg1kDzg,14,13,,0
2026-08-20,UT,Murray,Jordan,2,3,0,0,contest-box,https://www.maxpreps.com/ut/soccer/girls/match/jordan-sandy-vs-murray/8-20-2026/?c=db402a9f-4bd9-41c2-bbf9-6b5470b57cd2,db402a9f-4bd9-41c2-bbf9-6b5470b57cd2,6ZoPz6Kv90iP3duo40HrZA,5U7a5pYpeEyNewmUbeHelg,,,,0
2026-08-20,UT,North Sanpete,Canyon View,0,4,0,0,contest-box,https://www.maxpreps.com/ut/soccer/girls/match/canyon-view-cedar-city-vs-north-sanpete-mt-pleasant/8-20-2026/?c=dc9d77b8-b5c9-4063-8bee-8c67ab7b3e1e,dc9d77b8-b5c9-4063-8bee-8c67ab7b3e1e,VUyQmU-xsEC1C1CBc44gpg,pKaA2FCaWE2UytvY8keBbQ,,,,0
2026-08-20,UT,North Summit,Draper APA,0,4,0,0,contest-box,https://www.maxpreps.com/ut/soccer/girls/match/draper-apa-vs-north-summit-coalville/8-20-2026/?c=422d5305-a1bf-4b3b-bf7d-9b8fc3d8c063,422d5305-a1bf-4b3b-bf7d-9b8fc3d8c063,Uh4QQ75ciE65D9KoAS0bGA,w-XMMLAxU0S0iUqhvxjCDQ,,,,0
2026-08-20,UT,Ogden,Carbon,3,0,0,0,contest-box,https://www.maxpreps.com/ut/soccer/girls/match/carbon-price-vs-ogden/8-20-2026/?c=d3704a47-e0e4-4257-8d2e-d3b2348c58e2,d3704a47-e0e4-4257-8d2e-d3b2348c58e2,uQRraPnHgUWU_D4qRt5R6A,gthncdwH2UGfCZTIABdUxQ,,,,0
2026-08-20,UT,Olympus,Brighton,2,1,0,0,contest-box,https://www.maxpreps.com/ut/soccer/girls/match/brighton-salt-lake-city-vs-olympus-salt-lake-city/8-20-2026/?c=59f4888e-1e12-4ef5-ae01-96ec6b292faa,59f4888e-1e12-4ef5-ae01-96ec6b292faa,7HjpjwfzpU6GkdCeGFVh_Q,d7o70ttTskORC2J1WRlTuQ,7,11,,0
2026-08-20,UT,Orem,Uintah,0,2,0,0,contest-box,https://www.maxpreps.com/ut/soccer/girls/match/orem-vs-uintah-vernal/8-20-2026/?c=c2a80800-a922-4aec-9f79-bb8dd9e1b9f9,c2a80800-a922-4aec-9f79-bb8dd9e1b9f9,SoWWbqQ8u0SmsImc-E36PQ,A-vGTJ5dyEq97LSJmRt2ww,,,,0
2026-08-20,UT,Park City,Highland,8,0,0,0,contest-box,https://www.maxpreps.com/ut/soccer/girls/match/highland-salt-lake-city-vs-park-city/8-20-2026/?c=337db244-a053-4cce-a62b-c31e55de2d3d,337db244-a053-4cce-a62b-c31e55de2d3d,ALVZRgM-6UeCwdgAHFA1bw,n7DWjEgWxU-uxmTKUl-ieg,2,,,0
2026-08-20,UT,Pine View,Crimson Cliffs,0,8,0,0,contest-box,https://www.maxpreps.com/ut/soccer/girls/match/crimson-cliffs-washington-vs-pine-view-st-george/8-20-2026/?c=8bd22698-52ca-4c1a-8cc5-0b4d93562fa1,8bd22698-52ca-4c1a-8cc5-0b4d93562fa1,4LMSCP6jxEya7MYQ-odqLQ,Yr4Go1Cbi0yI68nKGZ42Uw,,3,,0
2026-08-20,UT,Pleasant Grove,Springville,3,2,0,0,contest-box,https://www.maxpreps.com/ut/soccer/girls/match/pleasant-grove-vs-springville/8-20-2026/?c=482830d7-14a3-4a2d-a35e-64b93fcf65d4,482830d7-14a3-4a2d-a35e-64b93fcf65d4,oFlF5I7CckK4gEE8o0M-qQ,fjvhFKFTk0C2RT-vLhBjFQ,19,,,0
2026-08-20,UT,Provo,Summit Academy,8,0,0,0,contest-box,https://www.maxpreps.com/ut/soccer/girls/match/provo-vs-summit-academy-bluffdale/8-20-2026/?c=13a99922-740c-48df-a110-7355f8e7f9a4,13a99922-740c-48df-a110-7355f8e7f9a4,tHi7es56h0WUF4-rafUxCA,8q3vmVwvAkeHeTPVEoL7DA,,,,0
2026-08-20,UT,Richfield,Manti,0,1,0,0,contest-box,https://www.maxpreps.com/ut/soccer/girls/match/manti-vs-richfield/8-20-2026/?c=a447bb8b-4efd-438d-ac85-8c985eb200a9,a447bb8b-4efd-438d-ac85-8c985eb200a9,EkE7d-kpBkyNzLAyIZ3Ybw,VolHRBzydEWz9sXwLRnHQQ,,12,,0
2026-08-20,UT,Rowland Hall,Ben Lomond,0,2,0,0,contest-box,https://www.maxpreps.com/ut/soccer/girls/match/ben-lomond-ogden-vs-rowland-hall-salt-lake-city/8-20-2026/?c=b647bb3b-f46e-4f81-9aef-9b95497e8f4c,b647bb3b-f46e-4f81-9aef-9b95497e8f4c,hT4q4iptykiPRlFSmcfcFA,XHyb82zTkEumpkG0wdDiVg,,,,0
2026-08-20,UT,Roy,Box Elder,0,8,0,0,contest-box,https://www.maxpreps.com/ut/soccer/girls/match/box-elder-brigham-city-vs-roy/8-20-2026/?c=b8b97284-9510-48cf-80f6-a648eae0be90,b8b97284-9510-48cf-80f6-a648eae0be90,Ug41sf7tgEGqZrYBNaaKzA,0SBsTFySgU21WIhalXEU5g,,15,,0
2026-08-20,UT,South Sevier,Parowan,2,1,0,0,contest-box,https://www.maxpreps.com/ut/soccer/girls/match/parowan-vs-south-sevier-monroe/8-20-2026/?c=663e6284-0824-4648-8916-530da8d61fec,663e6284-0824-4648-8916-530da8d61fec,Jur801Co7Ua6fnty0xbW3w,xBgZr-cSTkS0Cwg7HQSmrg,,,,0
2026-08-20,UT,Spanish Fork,Salem Hills,1,1,0,0,contest-box,https://www.maxpreps.com/ut/soccer/girls/match/salem-hills-vs-spanish-fork/8-20-2026/?c=0ce25053-e1f8-49c3-b71b-ac4ad5ea2d41,0ce25053-e1f8-49c3-b71b-ac4ad5ea2d41,iDNn5k1wEkGUq8u994wbhg,0qGZxmqQ9EebK3P_H5Hnhg,,,home,0
2026-08-20,UT,Timpanogos,Deer Creek,2,0,0,0,contest-box,https://www.maxpreps.com/ut/soccer/girls/match/deer-creek-heber-city-vs-timpanogos-orem/8-20-2026/?c=928f8afc-0339-4fad-9836-1fc1677a5397,928f8afc-0339-4fad-9836-1fc1677a5397,6hy10Uri6U2qCRt8vHtDUA,e-jFFn_fNkK1b503lTHGQQ,,,,0
2026-08-20,UT,Timpview,Payson,9,1,0,0,contest-box,https://www.maxpreps.com/ut/soccer/girls/match/payson-vs-timpview-provo/8-20-2026/?c=551975d1-d26b-4019-8d62-9c258cb5a4d2,551975d1-d26b-4019-8d62-9c258cb5a4d2,szh6QyUMT0y47k3WDJY0kA,HZOTMPfRb0yQ5UUkcXYQZw,22,,,0
2026-08-20,UT,Union,Maeser Prep Academy,4,3,0,0,contest-box,https://www.maxpreps.com/ut/soccer/girls/match/maeser-prep-academy-lindon-vs-union-roosevelt/8-20-2026/?c=64b970ca-6625-4949-83ac-34d0f30b104c,64b970ca-6625-4949-83ac-34d0f30b104c,WQTAUXyji06XfVOkLDovwA,gLZnKJDlyE2I_Bh44UeetA,,,,0
2026-08-20,UT,Viewmont,Woods Cross,0,1,0,0,contest-box,https://www.maxpreps.com/ut/soccer/girls/match/viewmont-bountiful-vs-woods-cross/8-20-2026/?c=120d5f36-3c47-4d0a-b892-9cb55f0d16dd,120d5f36-3c47-4d0a-b892-9cb55f0d16dd,Jn4kRvAczUe3Gk02GjwtCQ,AP9OOlVsw0SpBYPbGVqDgQ,,,,0
2026-08-20,UT,Waterford,St. Joseph,6,0,0,0,contest-box,https://www.maxpreps.com/ut/soccer/girls/match/st-joseph-ogden-vs-waterford-sandy/8-20-2026/?c=898e5a38-5672-4278-bc57-e3969e669847,898e5a38-5672-4278-bc57-e3969e669847,iYScz0lKmUqmVT_al-YcrA,ojCwmUEcV0qyZBT6zyI_Vg,,,,0
2026-08-20,UT,West,Kearns,0,4,0,0,contest-box,https://www.maxpreps.com/ut/soccer/girls/match/kearns-vs-west-salt-lake-city/8-20-2026/?c=f764868a-b918-404d-b385-9858a97b3e87,f764868a-b918-404d-b385-9858a97b3e87,z1E1xxuyd0G6i3NJAqCoIQ,tif4SSihfE-eTHeOjNgcqw,,,,0
2026-08-20,UT,West Jordan,Hunter,3,2,0,0,contest-box,https://www.maxpreps.com/ut/soccer/girls/match/hunter-west-valley-city-vs-west-jordan/8-20-2026/?c=d9188632-5034-406e-b83a-79c39b358605,d9188632-5034-406e-b83a-79c39b358605,JPzEnvfpC0ytQInOd7nuLQ,wbAV7pAD4UiLfonNnDT19w,,,,0
2026-08-20,UT,Westlake,Copper Hills,3,6,0,0,contest-box,https://www.maxpreps.com/ut/soccer/girls/match/copper-hills-west-jordan-vs-westlake-saratoga-springs/8-20-2026/?c=d932cd32-1e5c-4e5b-892e-ac8b17f2e2b8,d932cd32-1e5c-4e5b-892e-ac8b17f2e2b8,h1tZDqJJvkWdYdYVSYZSWw,dz5TL8IJY0OLcjEyFH2sVQ,,,,0
2026-08-21,UT,Grand County,Parowan,3,1,0,0,contest-box,https://www.maxpreps.com/ut/soccer/girls/match/grand-county-moab-vs-parowan/8-21-2026/?c=1931a897-b1a8-475e-aebb-26c97fc47052,1931a897-b1a8-475e-aebb-26c97fc47052,GiB8Xpczq0OcdwUsMRpm0Q,xBgZr-cSTkS0Cwg7HQSmrg,,,,0
2026-08-21,UT,Morgan,Carbon,4,3,0,0,contest-box,https://www.maxpreps.com/ut/soccer/girls/match/carbon-price-vs-morgan/8-21-2026/?c=62af2424-a312-4432-b4a7-740932a779fd,62af2424-a312-4432-b4a7-740932a779fd,eJHY5fS2DE6RSrs2YUK4vw,gthncdwH2UGfCZTIABdUxQ,,,,0
2026-08-21,UT,Mountain Ridge,Bingham,0,1,0,0,contest-box,https://www.maxpreps.com/ut/soccer/girls/match/bingham-south-jordan-vs-mountain-ridge-herriman/8-21-2026/?c=74afad71-7ed0-4b9a-82ef-d354f32a9e04,74afad71-7ed0-4b9a-82ef-d354f32a9e04,ljgQY2ykzkeLXP5Uw6rUlA,wDhzNoTXLkmoVMBs_GRHwQ,,,,0
2026-08-21,UT,San Juan,Enterprise,0,1,0,0,contest-box,https://www.maxpreps.com/ut/soccer/girls/match/enterprise-vs-san-juan-blanding/8-21-2026/?c=f9767189-4bb1-400c-8eb6-8ced6a8687ef,f9767189-4bb1-400c-8eb6-8ced6a8687ef,yx311UctvUKv4xx_Cd-dfA,TMtlPq-joECmYu-slufHKQ,,,,0
2026-08-21,UT,Syracuse,Skyridge,3,4,0,0,contest-box,https://www.maxpreps.com/ut/soccer/girls/match/skyridge-lehi-vs-syracuse/8-21-2026/?c=aaf693f4-8156-42e4-903f-c4c283d5cc07,aaf693f4-8156-42e4-903f-c4c283d5cc07,uA7JayF8AkmMCgHdXNdYaw,VwsPSpAaGkyHOF7QvWG_nQ,18,,,0
2026-08-22,UT,Corner Canyon,Davis,1,2,0,0,contest-box,https://www.maxpreps.com/ut/soccer/girls/match/corner-canyon-draper-vs-davis-kaysville/8-22-2026/?c=195ec11c-8a33-462d-a355-140f11f3f6f8,195ec11c-8a33-462d-a355-140f11f3f6f8,as5NfsG3mk2VnIks1LIn3w,umZnjYyiz0-OFLZYQiT9mw,20,5,,0
2026-08-22,UT,Grand County,Enterprise,2,3,0,0,contest-box,https://www.maxpreps.com/ut/soccer/girls/match/enterprise-vs-grand-county-moab/8-22-2026/?c=04e61976-a30f-4669-ab1b-4309ffc101a0,04e61976-a30f-4669-ab1b-4309ffc101a0,GiB8Xpczq0OcdwUsMRpm0Q,TMtlPq-joECmYu-slufHKQ,,,,0
2026-08-22,UT,San Juan,Parowan,3,3,0,0,contest-box,https://www.maxpreps.com/ut/soccer/girls/match/parowan-vs-san-juan-blanding/8-22-2026/?c=28da82c2-a8b0-40f7-aab3-24f94bb3b1d8,28da82c2-a8b0-40f7-aab3-24f94bb3b1d8,yx311UctvUKv4xx_Cd-dfA,xBgZr-cSTkS0Cwg7HQSmrg,,,away,0
2026-08-24,UT,Bear River,Mountain Crest,0,5,0,0,contest-box,https://www.maxpreps.com/ut/soccer/girls/match/bear-river-garland-vs-mountain-crest-hyrum/8-24-2026/?c=3af710c6-3343-4655-9f30-d3c4b55014be,3af710c6-3343-4655-9f30-d3c4b55014be,NGgliQsUlUezFT0g_n92Qg,7L0kx5wiBUajGrJLhG15yQ,,,,0
2026-08-24,UT,Deseret Peak,Stansbury,0,8,0,0,contest-box,https://www.maxpreps.com/ut/soccer/girls/match/deseret-peak-tooele-vs-stansbury-stansbury-park/8-24-2026/?c=0f2d30fa-d72a-4ec6-ad57-44df3738a24b,0f2d30fa-d72a-4ec6-ad57-44df3738a24b,POr_JTykwU-SmHKbACjH2g,NhooN9iDeEqgJK6LBqjY1Q,,,,0
2026-08-24,UT,East,Highland,5,0,0,0,contest-box,https://www.maxpreps.com/ut/soccer/girls/match/east-salt-lake-city-vs-highland-salt-lake-city/8-24-2026/?c=0e39f3b8-05c8-4126-83f0-c492cfbcdc46,0e39f3b8-05c8-4126-83f0-c492cfbcdc46,2C75q91bQE-BvgyPOTV8_w,n7DWjEgWxU-uxmTKUl-ieg,17,,,0
2026-08-24,UT,Green Canyon,Ridgeline,3,0,0,0,contest-box,https://www.maxpreps.com/ut/soccer/girls/match/green-canyon-wolfpack-north-logan-vs-ridgeline-millville/8-24-2026/?c=b400418c-7eee-4abd-935b-93f6972d97cc,b400418c-7eee-4abd-935b-93f6972d97cc,gLQMMvp1_UCJpU48fSLqSg,ZdVdGaxSmkmKUW5abKOxYQ,4,16,,0
2026-08-24,UT,Judge Memorial Catholic,Cottonwood,7,0,0,0,contest-box,https://www.maxpreps.com/ut/soccer/girls/match/cottonwood-salt-lake-city-vs-judge-memorial-catholic-salt-lake-city/8-24-2026/?c=4d05e34c-8e15-4c51-9423-1c25f1babda4,4d05e34c-8e15-4c51-9423-1c25f1babda4,tv2UWXQ6UUydRA7utC1O4Q,5005CJLWE0yYhDV6yknTfA,,,,0
2026-08-24,UT,Maeser Prep Academy,North Sanpete,7,0,0,0,contest-box,https://www.maxpreps.com/ut/soccer/girls/match/maeser-prep-academy-lindon-vs-north-sanpete-mt-pleasant/8-24-2026/?c=adb6bb80-6bb7-45e9-b5e2-4df6edaff562,adb6bb80-6bb7-45e9-b5e2-4df6edaff562,gLZnKJDlyE2I_Bh44UeetA,VUyQmU-xsEC1C1CBc44gpg,,,,0
2026-08-24,UT,Murray,Juan Diego Catholic,2,1,0,0,contest-box,https://www.maxpreps.com/ut/soccer/girls/match/juan-diego-catholic-draper-vs-murray/8-24-2026/?c=b38bd835-eae5-4b90-b0a3-1c2529e9966c,b38bd835-eae5-4b90-b0a3-1c2529e9966c,6ZoPz6Kv90iP3duo40HrZA,rUZA3kk53ESdn4Gr2gfpeA,,,,0
2026-08-24,UT,Sky View,Tooele,8,0,0,0,contest-box,https://www.maxpreps.com/ut/soccer/girls/match/sky-view-smithfield-vs-tooele/8-24-2026/?c=9f8db6c9-21f6-42df-80fa-12da265779d5,9f8db6c9-21f6-42df-80fa-12da265779d5,Ads5JSH8vUSLmBdh-YVWTg,DAuMdnY5AUO8s7vtaY8eOQ,,,,0
2026-08-25,UT,American Fork,Layton,3,1,0,0,contest-box,https://www.maxpreps.com/ut/soccer/girls/match/american-fork-vs-layton/8-25-2026/?c=4ec06a69-3225-4f6c-8f09-06c659dd0e9f,4ec06a69-3225-4f6c-8f09-06c659dd0e9f,saj8sDPEbEOr9lzA2920vQ,yYV_2EjmEkeUp5LoXBZ9og,8,,,0
2026-08-25,UT,American Heritage,Ben Lomond,5,3,0,0,contest-box,https://www.maxpreps.com/ut/soccer/girls/match/american-heritage-american-fork-vs-ben-lomond-ogden/8-25-2026/?c=a10b1568-68b7-4845-ae14-375e777fbc66,a10b1568-68b7-4845-ae14-375e777fbc66,u_AxdR5CJ0CUbWPhzXh-pQ,XHyb82zTkEumpkG0wdDiVg,,,,0
2026-08-25,UT,Beaver,San Juan,3,3,0,0,contest-box,https://www.maxpreps.com/ut/soccer/girls/match/beaver-vs-san-juan-blanding/8-25-2026/?c=8f734342-c5f4-46eb-a3bd-2a7e0685cad2,8f734342-c5f4-46eb-a3bd-2a7e0685cad2,h0e_0l5RKki2YHjIK42s8Q,yx311UctvUKv4xx_Cd-dfA,,,away,0
2026-08-25,UT,Canyon View,Carbon,1,2,0,0,contest-box,https://www.maxpreps.com/ut/soccer/girls/match/canyon-view-cedar-city-vs-carbon-price/8-25-2026/?c=36df75e2-f03f-4feb-bf0d-4d76ddec417e,36df75e2-f03f-4feb-bf0d-4d76ddec417e,pKaA2FCaWE2UytvY8keBbQ,gthncdwH2UGfCZTIABdUxQ,,,,0
2026-08-25,UT,Copper Hills,Bingham,3,6,0,0,contest-box,https://www.maxpreps.com/ut/soccer/girls/match/bingham-south-jordan-vs-copper-hills-west-jordan/8-25-2026/?c=08570344-83ad-4143-83a6-670b35b9177a,08570344-83ad-4143-83a6-670b35b9177a,dz5TL8IJY0OLcjEyFH2sVQ,wDhzNoTXLkmoVMBs_GRHwQ,,,,0
2026-08-25,UT,Crimson Cliffs,Desert Hills,2,0,0,0,contest-box,https://www.maxpreps.com/ut/soccer/girls/match/crimson-cliffs-washington-vs-desert-hills-st-george/8-25-2026/?c=f3d4a200-2107-4a3a-91fd-25582f3a7618,f3d4a200-2107-4a3a-91fd-25582f3a7618,Yr4Go1Cbi0yI68nKGZ42Uw,aXsjChoH6Eaq8uFvvNvkvA,3,23,,0
2026-08-25,UT,Deer Creek,Orem,1,2,0,0,contest-box,https://www.maxpreps.com/ut/soccer/girls/match/deer-creek-heber-city-vs-orem/8-25-2026/?c=17790546-ec1f-4a9d-b2ff-25908a04abb5,17790546-ec1f-4a9d-b2ff-25908a04abb5,e-jFFn_fNkK1b503lTHGQQ,SoWWbqQ8u0SmsImc-E36PQ,,,,0
2026-08-25,UT,Delta,Union,0,2,0,0,contest-box,https://www.maxpreps.com/ut/soccer/girls/match/delta-vs-union-roosevelt/8-25-2026/?c=6a550129-d95e-40a7-b281-b65d0da2a24d,6a550129-d95e-40a7-b281-b65d0da2a24d,2waxi2_uMUmULPI-C4W2rg,WQTAUXyji06XfVOkLDovwA,,,,0
2026-08-25,UT,Dixie,Hurricane,3,0,0,0,contest-box,https://www.maxpreps.com/ut/soccer/girls/match/dixie-st-george-vs-hurricane/8-25-2026/?c=1c0a7539-c522-4f52-9acf-bf4ae496c9e5,1c0a7539-c522-4f52-9acf-bf4ae496c9e5,SByCRbMV5k2Eu2sWwFKK3A,wZ-UCnEcOE6HRic5HUnC2A,,,,0
2026-08-25,UT,Emery,Grand County,1,5,0,0,contest-box,https://www.maxpreps.com/ut/soccer/girls/match/emery-castle-dale-vs-grand-county-moab/8-25-2026/?c=76441626-54b9-4fc1-a461-c6822c3cdc26,76441626-54b9-4fc1-a461-c6822c3cdc26,Bos_J2uWu0KpBMuw8n3XvA,GiB8Xpczq0OcdwUsMRpm0Q,,,,0
2026-08-25,UT,Enterprise,South Sevier,2,0,0,0,contest-box,https://www.maxpreps.com/ut/soccer/girls/match/enterprise-vs-south-sevier-monroe/8-25-2026/?c=e0eee5b7-9685-4b32-8885-d7c5c999fee1,e0eee5b7-9685-4b32-8885-d7c5c999fee1,TMtlPq-joECmYu-slufHKQ,Jur801Co7Ua6fnty0xbW3w,,,,0
2026-08-25,UT,Farmington,Corner Canyon,0,0,0,0,contest-box,https://www.maxpreps.com/ut/soccer/girls/match/corner-canyon-draper-vs-farmington/8-25-2026/?c=8afcb858-1102-4bde-9d59-f59bfc6b2b08,8afcb858-1102-4bde-9d59-f59bfc6b2b08,W5P6ZrIVD0qEpbRC4uHfDg,as5NfsG3mk2VnIks1LIn3w,10,20,home,0
2026-08-25,UT,Fremont,Bonneville,0,3,0,0,contest-box,https://www.maxpreps.com/ut/soccer/girls/match/bonneville-washington-terrace-vs-fremont-plain-city/8-25-2026/?c=d1b65920-8296-4cf7-a18f-dbd30bbd21ce,d1b65920-8296-4cf7-a18f-dbd30bbd21ce,VCdl3-YaU0W-8yHRuLj4bg,A5FbmWmy1kCQbK_104f4xw,,24,,0
2026-08-25,UT,Gunnison Valley,Millard,2,1,0,0,contest-box,https://www.maxpreps.com/ut/soccer/girls/match/gunnison-valley-vs-millard-fillmore/8-25-2026/?c=2fa984f2-3d56-4b79-9d0d-dbd285e2b493,2fa984f2-3d56-4b79-9d0d-dbd285e2b493,9vXe0yo80Eqv69sZ2zs_ng,tG05w1fT8EWcQYN2P3gbfA,,,,0
2026-08-25,UT,Hillcrest,West Jordan,5,0,0,0,contest-box,https://www.maxpreps.com/ut/soccer/girls/match/hillcrest-midvale-vs-west-jordan/8-25-2026/?c=64a9ad0c-438a-4b0a-930e-db42fe7472bb,64a9ad0c-438a-4b0a-930e-db42fe7472bb,gtdtvRkPcE2cO8-2VCtkig,JPzEnvfpC0ytQInOd7nuLQ,,,,0
2026-08-25,UT,Hunter,West,1,3,0,0,contest-box,https://www.maxpreps.com/ut/soccer/girls/match/hunter-west-valley-city-vs-west-salt-lake-city/8-25-2026/?c=779432bb-f863-49aa-8d7d-3e9eddee57cf,779432bb-f863-49aa-8d7d-3e9eddee57cf,wbAV7pAD4UiLfonNnDT19w,z1E1xxuyd0G6i3NJAqCoIQ,,,,0
2026-08-25,UT,Kearns,Granger,4,0,0,0,contest-box,https://www.maxpreps.com/ut/soccer/girls/match/granger-west-valley-city-vs-kearns/8-25-2026/?c=16fcb04a-000a-4d74-a78c-9f184a004f38,16fcb04a-000a-4d74-a78c-9f184a004f38,tif4SSihfE-eTHeOjNgcqw,7ItcFlSYIkapzWDQ83q5lA,,,,0
2026-08-25,UT,Lone Peak,Syracuse,3,0,0,0,contest-box,https://www.maxpreps.com/ut/soccer/girls/match/lone-peak-highland-vs-syracuse/8-25-2026/?c=de697916-5793-44dd-9977-d654196365f2,de697916-5793-44dd-9977-d654196365f2,Wd-65503zEOodZOL3GB_LQ,uA7JayF8AkmMCgHdXNdYaw,1,18,,0
2026-08-25,UT,Manti,Juab,4,0,0,0,contest-box,https://www.maxpreps.com/ut/soccer/girls/match/juab-nephi-vs-manti/8-25-2026/?c=f59b91bd-a4cd-4f81-b9f5-f7d87f44767d,f59b91bd-a4cd-4f81-b9f5-f7d87f44767d,VolHRBzydEWz9sXwLRnHQQ,dUvS7F01UUindP8SuMI6qg,12,,,0
2026-08-25,UT,Maple Mountain,Timpview,2,1,0,0,contest-box,https://www.maxpreps.com/ut/soccer/girls/match/maple-mountain-spanish-fork-vs-timpview-provo/8-25-2026/?c=64b5b2db-c749-439f-8739-18934f945e39,64b5b2db-c749-439f-8739-18934f945e39,7LyIC7MdBE2-cpDIW2ubAg,szh6QyUMT0y47k3WDJY0kA,9,22,,0
2026-08-25,UT,Mountain Ridge,Westlake,8,1,0,0,contest-box,https://www.maxpreps.com/ut/soccer/girls/match/mountain-ridge-herriman-vs-westlake-saratoga-springs/8-25-2026/?c=d7550384-9a29-4ba6-ab1a-13f92ca35230,d7550384-9a29-4ba6-ab1a-13f92ca35230,ljgQY2ykzkeLXP5Uw6rUlA,h1tZDqJJvkWdYdYVSYZSWw,,,,0
2026-08-25,UT,Northridge,Clearfield,2,3,0,0,contest-box,https://www.maxpreps.com/ut/soccer/girls/match/clearfield-vs-northridge-layton/8-25-2026/?c=c56a8176-a86a-4c91-bfac-a707ad7d5506,c56a8176-a86a-4c91-bfac-a707ad7d5506,8aU3aN5kiEyMyiHI36acgQ,szv6Ia2yJ0GYwLahjBqswA,,,,0
2026-08-25,UT,Olympus,Alta,6,1,0,0,contest-box,https://www.maxpreps.com/ut/soccer/girls/match/alta-sandy-vs-olympus-salt-lake-city/8-25-2026/?c=e433fcac-17c8-486d-821e-cbc8ccf135b4,e433fcac-17c8-486d-821e-cbc8ccf135b4,7HjpjwfzpU6GkdCeGFVh_Q,nJDp5m789UihkixEDnDCOQ,7,,,0
2026-08-25,UT,Park City,Ogden,6,0,0,0,contest-box,https://www.maxpreps.com/ut/soccer/girls/match/ogden-vs-park-city/8-25-2026/?c=1ef656f9-6955-45fb-8981-ee3afff67d09,1ef656f9-6955-45fb-8981-ee3afff67d09,ALVZRgM-6UeCwdgAHFA1bw,uQRraPnHgUWU_D4qRt5R6A,2,,,0
2026-08-25,UT,Parowan,Richfield,0,8,0,0,contest-box,https://www.maxpreps.com/ut/soccer/girls/match/parowan-vs-richfield/8-25-2026/?c=0b8223e7-92fe-4c91-b6f3-d377836ac102,0b8223e7-92fe-4c91-b6f3-d377836ac102,xBgZr-cSTkS0Cwg7HQSmrg,EkE7d-kpBkyNzLAyIZ3Ybw,,,,0
2026-08-25,UT,Payson,Spanish Fork,0,3,0,0,contest-box,https://www.maxpreps.com/ut/soccer/girls/match/payson-vs-spanish-fork/8-25-2026/?c=52eee734-c789-4542-a030-e48c8d4bfc20,52eee734-c789-4542-a030-e48c8d4bfc20,HZOTMPfRb0yQ5UUkcXYQZw,iDNn5k1wEkGUq8u994wbhg,,,,0
2026-08-25,UT,Pleasant Grove,Salem Hills,2,1,0,0,contest-box,https://www.maxpreps.com/ut/soccer/girls/match/pleasant-grove-vs-salem-hills/8-25-2026/?c=c576b4aa-2a80-4a2b-8d07-a4a5397aacb5,c576b4aa-2a80-4a2b-8d07-a4a5397aacb5,oFlF5I7CckK4gEE8o0M-qQ,0qGZxmqQ9EebK3P_H5Hnhg,19,,,0
2026-08-25,UT,Riverton,Herriman,3,1,0,0,contest-box,https://www.maxpreps.com/ut/soccer/girls/match/herriman-west-herriman-vs-riverton/8-25-2026/?c=abe21fe9-2a15-4108-8d05-2c8351c89c9e,abe21fe9-2a15-4108-8d05-2c8351c89c9e,A0ehELDkQUqAYDQnLNO9Hg,wXAir_SbY0eRABmtlEcktQ,,,,0
2026-08-25,UT,Rowland Hall,St. Joseph,1,,0,0,contest-box,https://www.maxpreps.com/ut/soccer/girls/match/rowland-hall-salt-lake-city-vs-st-joseph-ogden/8-25-2026/?c=ec702e85-8c26-4527-bc7f-402a14958868,ec702e85-8c26-4527-bc7f-402a14958868,hT4q4iptykiPRlFSmcfcFA,ojCwmUEcV0qyZBT6zyI_Vg,,,,0
2026-08-25,UT,Roy,West Field,1,4,0,0,contest-box,https://www.maxpreps.com/ut/soccer/girls/match/roy-vs-west-field-taylor/8-25-2026/?c=45d100a5-73dd-44ce-b094-fea8c62cc92b,45d100a5-73dd-44ce-b094-fea8c62cc92b,Ug41sf7tgEGqZrYBNaaKzA,J4BV14XsU0mbm_lDh2kzHw,,,,0
2026-08-25,UT,Salt Lake Academy,Cedar Valley,1,2,0,0,contest-box,https://www.maxpreps.com/ut/soccer/girls/match/cedar-valley-eagle-mountain-vs-salt-lake-academy-herriman/8-25-2026/?c=3ddb4537-5ee7-4966-98c7-1e8ae159c0fb,3ddb4537-5ee7-4966-98c7-1e8ae159c0fb,ULD7YC0by0CENSv4S97SPA,WlVT69X3b0WPe7a37tOPkA,,,,0
2026-08-25,UT,Skyline,Bountiful,1,7,0,0,contest-box,https://www.maxpreps.com/ut/soccer/girls/match/bountiful-vs-skyline-salt-lake-city/8-25-2026/?c=21b061ef-64da-4b16-8fa0-ca86ae39e04d,21b061ef-64da-4b16-8fa0-ca86ae39e04d,dHHlIoYsbEmZybAkuFfL4A,gp9RBPuTDkCfuM7BEb_IzQ,,6,,0
2026-08-25,UT,Snow Canyon,Pine View,6,0,0,0,contest-box,https://www.maxpreps.com/ut/soccer/girls/match/pine-view-st-george-vs-snow-canyon-st-george/8-25-2026/?c=c51419c7-92c5-4de5-8170-09faacb5a8c5,c51419c7-92c5-4de5-8170-09faacb5a8c5,Pd0LBY79vkOqJVvNCMHVfQ,4LMSCP6jxEya7MYQ-odqLQ,25,,,0
2026-08-25,UT,Taylorsville,Cyprus,2,6,0,0,contest-box,https://www.maxpreps.com/ut/soccer/girls/match/cyprus-magna-vs-taylorsville/8-25-2026/?c=d02e0c8d-4932-4329-a5f4-9f90f79d640c,d02e0c8d-4932-4329-a5f4-9f90f79d640c,F_Mxeo3mH0CvCCVRj4PJPA,5kaVdvKpJkyz4KyhLAp2JQ,,,,0
2026-08-25,UT,Timpanogos,Mountain View,2,1,0,0,contest-box,https://www.maxpreps.com/ut/soccer/girls/match/mountain-view-orem-vs-timpanogos-orem/8-25-2026/?c=5945b310-aa59-4be3-b996-328cc4f975b2,5945b310-aa59-4be3-b996-328cc4f975b2,6hy10Uri6U2qCRt8vHtDUA,1p0RST-Bh0ad4pNn-2kTnQ,,14,,0
2026-08-25,UT,Uintah,Provo,3,0,0,0,contest-box,https://www.maxpreps.com/ut/soccer/girls/match/provo-vs-uintah-vernal/8-25-2026/?c=f26a438e-d473-4f40-9878-b6568083c3cd,f26a438e-d473-4f40-9878-b6568083c3cd,A-vGTJ5dyEq97LSJmRt2ww,tHi7es56h0WUF4-rafUxCA,,,,0
2026-08-25,UT,Viewmont,Brighton,0,2,0,0,contest-box,https://www.maxpreps.com/ut/soccer/girls/match/brighton-salt-lake-city-vs-viewmont-bountiful/8-25-2026/?c=6a883228-bdbf-4dad-9793-55501f9969b6,6a883228-bdbf-4dad-9793-55501f9969b6,Jn4kRvAczUe3Gk02GjwtCQ,d7o70ttTskORC2J1WRlTuQ,,11,,0
2026-08-25,UT,Wasatch,Summit Academy,12,0,0,0,contest-box,https://www.maxpreps.com/ut/soccer/girls/match/summit-academy-bluffdale-vs-wasatch-heber-city/8-25-2026/?c=f31e3e33-099b-4462-9b31-abcb30245286,f31e3e33-099b-4462-9b31-abcb30245286,p5TM_kxq9kWfUzREg1kDzg,8q3vmVwvAkeHeTPVEoL7DA,13,,,0
2026-08-25,UT,Weber,Lehi,3,2,0,0,contest-box,https://www.maxpreps.com/ut/soccer/girls/match/lehi-vs-weber-pleasant-view/8-25-2026/?c=06b4c97c-d278-49ff-a05f-e7630c784954,06b4c97c-d278-49ff-a05f-e7630c784954,hIz6nK0FWkOCWu7w8OFOxw,tRUDUc9j1EKttvW-pMY7rQ,,21,,0
2026-08-26,UT,Deseret Peak,Ridgeline,0,8,0,0,contest-box,https://www.maxpreps.com/ut/soccer/girls/match/deseret-peak-tooele-vs-ridgeline-millville/8-26-2026/?c=1de12097-b457-444f-b780-f142e98f38e6,1de12097-b457-444f-b780-f142e98f38e6,POr_JTykwU-SmHKbACjH2g,ZdVdGaxSmkmKUW5abKOxYQ,,16,,0
2026-08-26,UT,Green Canyon,Mountain Crest,4,0,0,0,contest-box,https://www.maxpreps.com/ut/soccer/girls/match/green-canyon-wolfpack-north-logan-vs-mountain-crest-hyrum/8-26-2026/?c=44bfeb9e-07f0-4ce5-9a28-4d91659a2334,44bfeb9e-07f0-4ce5-9a28-4d91659a2334,gLQMMvp1_UCJpU48fSLqSg,7L0kx5wiBUajGrJLhG15yQ,4,,,0
2026-08-26,UT,Maeser Prep Academy,Richfield,0,2,0,0,contest-box,https://www.maxpreps.com/ut/soccer/girls/match/maeser-prep-academy-lindon-vs-richfield/8-26-2026/?c=89d3b81e-dd02-4c02-aca3-87a0faa6df15,89d3b81e-dd02-4c02-aca3-87a0faa6df15,gLZnKJDlyE2I_Bh44UeetA,EkE7d-kpBkyNzLAyIZ3Ybw,,,,0
2026-08-26,UT,Millard,South Sevier,5,1,0,0,contest-box,https://www.maxpreps.com/ut/soccer/girls/match/millard-fillmore-vs-south-sevier-monroe/8-26-2026/?c=4e4939fe-e7a7-4f79-b96b-19b64af52dc2,4e4939fe-e7a7-4f79-b96b-19b64af52dc2,tG05w1fT8EWcQYN2P3gbfA,Jur801Co7Ua6fnty0xbW3w,,,,0
2026-08-26,UT,Tooele,Stansbury,0,8,0,0,contest-box,https://www.maxpreps.com/ut/soccer/girls/match/stansbury-stansbury-park-vs-tooele/8-26-2026/?c=22d1de81-ab34-40fe-86ba-4ccd97829829,22d1de81-ab34-40fe-86ba-4ccd97829829,DAuMdnY5AUO8s7vtaY8eOQ,NhooN9iDeEqgJK6LBqjY1Q,,,,0
2026-08-27,UT,Bear River,Sky View,0,1,0,0,contest-box,https://www.maxpreps.com/ut/soccer/girls/match/bear-river-garland-vs-sky-view-smithfield/8-27-2026/?c=5da0cbc6-5637-4a67-849a-5c560ac27db1,5da0cbc6-5637-4a67-849a-5c560ac27db1,NGgliQsUlUezFT0g_n92Qg,Ads5JSH8vUSLmBdh-YVWTg,,,,0
2026-08-27,UT,Ben Lomond,St. Joseph,9,2,0,0,contest-box,https://www.maxpreps.com/ut/soccer/girls/match/ben-lomond-ogden-vs-st-joseph-ogden/8-27-2026/?c=11e71006-27ed-4caf-9f81-60f99cbce5b7,11e71006-27ed-4caf-9f81-60f99cbce5b7,XHyb82zTkEumpkG0wdDiVg,ojCwmUEcV0qyZBT6zyI_Vg,,,,0
2026-08-27,UT,Bingham,Salt Lake Academy,3,0,0,0,contest-box,https://www.maxpreps.com/ut/soccer/girls/match/bingham-south-jordan-vs-salt-lake-academy-herriman/8-27-2026/?c=f0075563-f759-4e31-a9f8-b6ce61294970,f0075563-f759-4e31-a9f8-b6ce61294970,wDhzNoTXLkmoVMBs_GRHwQ,ULD7YC0by0CENSv4S97SPA,,,,0
2026-08-27,UT,Bonneville,Roy,7,0,0,0,contest-box,https://www.maxpreps.com/ut/soccer/girls/match/bonneville-washington-terrace-vs-roy/8-27-2026/?c=07645183-216d-44a4-bc57-b90c757e1f1c,07645183-216d-44a4-bc57-b90c757e1f1c,A5FbmWmy1kCQbK_104f4xw,Ug41sf7tgEGqZrYBNaaKzA,24,,,0
2026-08-27,UT,Bountiful,Viewmont,5,1,0,0,contest-box,https://www.maxpreps.com/ut/soccer/girls/match/bountiful-vs-viewmont-bountiful/8-27-2026/?c=115eb259-bcab-4697-9dc6-d68af28b420e,115eb259-bcab-4697-9dc6-d68af28b420e,gp9RBPuTDkCfuM7BEb_IzQ,Jn4kRvAczUe3Gk02GjwtCQ,6,,,0
2026-08-27,UT,Box Elder,Clearfield,6,0,0,0,contest-box,https://www.maxpreps.com/ut/soccer/girls/match/box-elder-brigham-city-vs-clearfield/8-27-2026/?c=ee4becd8-181d-46e9-9aa4-97b20c3ee03c,ee4becd8-181d-46e9-9aa4-97b20c3ee03c,0SBsTFySgU21WIhalXEU5g,szv6Ia2yJ0GYwLahjBqswA,15,,,0
2026-08-27,UT,Canyon View,Manti,2,4,0,0,contest-box,https://www.maxpreps.com/ut/soccer/girls/match/canyon-view-cedar-city-vs-manti/8-27-2026/?c=58b9f254-32cb-4526-96fe-6d47b83ca3fc,58b9f254-32cb-4526-96fe-6d47b83ca3fc,pKaA2FCaWE2UytvY8keBbQ,VolHRBzydEWz9sXwLRnHQQ,,12,,0
2026-08-27,UT,Carbon,Richfield,3,1,0,0,contest-box,https://www.maxpreps.com/ut/soccer/girls/match/carbon-price-vs-richfield/8-27-2026/?c=66e8e1a3-4686-4c27-b663-7f6831a1a540,66e8e1a3-4686-4c27-b663-7f6831a1a540,gthncdwH2UGfCZTIABdUxQ,EkE7d-kpBkyNzLAyIZ3Ybw,,,,0
2026-08-27,UT,Cedar,Crimson Cliffs,0,4,0,0,contest-box,https://www.maxpreps.com/ut/soccer/girls/match/cedar-cedar-city-vs-crimson-cliffs-washington/8-27-2026/?c=a2f9882b-79d9-400c-a39c-3a21bae06bf8,a2f9882b-79d9-400c-a39c-3a21bae06bf8,epqAqJIXWU6BFUbmpp69ig,Yr4Go1Cbi0yI68nKGZ42Uw,,3,,0
2026-08-27,UT,Cedar Valley,Copper Hills,2,1,0,0,contest-box,https://www.maxpreps.com/ut/soccer/girls/match/cedar-valley-eagle-mountain-vs-copper-hills-west-jordan/8-27-2026/?c=35fcef61-d735-4572-8f56-ba1fc12ea333,35fcef61-d735-4572-8f56-ba1fc12ea333,WlVT69X3b0WPe7a37tOPkA,dz5TL8IJY0OLcjEyFH2sVQ,,,,0
2026-08-27,UT,Corner Canyon,American Heritage,6,0,0,0,contest-box,https://www.maxpreps.com/ut/soccer/girls/match/american-heritage-american-fork-vs-corner-canyon-draper/8-27-2026/?c=ffa393e2-0c4d-4b85-b8b6-931e6ec47cd0,ffa393e2-0c4d-4b85-b8b6-931e6ec47cd0,as5NfsG3mk2VnIks1LIn3w,u_AxdR5CJ0CUbWPhzXh-pQ,20,,,0
2026-08-27,UT,Cyprus,Kearns,2,0,0,0,contest-box,https://www.maxpreps.com/ut/soccer/girls/match/cyprus-magna-vs-kearns/8-27-2026/?c=194c2e8f-415e-40bf-a748-327763e0e7dd,194c2e8f-415e-40bf-a748-327763e0e7dd,5kaVdvKpJkyz4KyhLAp2JQ,tif4SSihfE-eTHeOjNgcqw,,,,0
2026-08-27,UT,Davis,Lehi,3,1,0,0,contest-box,https://www.maxpreps.com/ut/soccer/girls/match/davis-kaysville-vs-lehi/8-27-2026/?c=9c37dcbc-1cd7-4ac3-97c5-b16c2b82ff13,9c37dcbc-1cd7-4ac3-97c5-b16c2b82ff13,umZnjYyiz0-OFLZYQiT9mw,tRUDUc9j1EKttvW-pMY7rQ,5,21,,0
2026-08-27,UT,East,Murray,5,0,0,0,contest-box,https://www.maxpreps.com/ut/soccer/girls/match/east-salt-lake-city-vs-murray/8-27-2026/?c=f5a65bb8-4627-4e6d-91f6-d3051d02863a,f5a65bb8-4627-4e6d-91f6-d3051d02863a,2C75q91bQE-BvgyPOTV8_w,6ZoPz6Kv90iP3duo40HrZA,17,,,0
2026-08-27,UT,Emery,Juab,0,4,0,0,contest-box,https://www.maxpreps.com/ut/soccer/girls/match/emery-castle-dale-vs-juab-nephi/8-27-2026/?c=88cddea6-71c0-49e0-9ead-9c1fe5317cdd,88cddea6-71c0-49e0-9ead-9c1fe5317cdd,Bos_J2uWu0KpBMuw8n3XvA,dUvS7F01UUindP8SuMI6qg,,,,0
2026-08-27,UT,Farmington,Lone Peak,1,1,0,0,contest-box,https://www.maxpreps.com/ut/soccer/girls/match/farmington-vs-lone-peak-highland/8-27-2026/?c=d628723d-163c-4ce8-b1af-ad27b7a1ab23,d628723d-163c-4ce8-b1af-ad27b7a1ab23,W5P6ZrIVD0qEpbRC4uHfDg,Wd-65503zEOodZOL3GB_LQ,10,1,away,0
2026-08-27,UT,Granger,Hunter,3,2,0,0,contest-box,https://www.maxpreps.com/ut/soccer/girls/match/granger-west-valley-city-vs-hunter-west-valley-city/8-27-2026/?c=6c33a4bc-c7d5-4c7a-ae56-ee627f84f3ed,6c33a4bc-c7d5-4c7a-ae56-ee627f84f3ed,7ItcFlSYIkapzWDQ83q5lA,wbAV7pAD4UiLfonNnDT19w,,,,0
2026-08-27,UT,Grantsville,Tooele,4,1,0,0,contest-box,https://www.maxpreps.com/ut/soccer/girls/match/grantsville-vs-tooele/8-27-2026/?c=ff643acf-2acb-4b03-ba06-a49e8a19fb9e,ff643acf-2acb-4b03-ba06-a49e8a19fb9e,oRzWdW4T806uW6T6lZEj8A,DAuMdnY5AUO8s7vtaY8eOQ,,,,0
2026-08-27,UT,Herriman,Mountain Ridge,1,1,0,0,contest-box,https://www.maxpreps.com/ut/soccer/girls/match/herriman-west-herriman-vs-mountain-ridge-herriman/8-27-2026/?c=08e60567-71c3-49a2-b820-472ec55f78e7,08e60567-71c3-49a2-b820-472ec55f78e7,wXAir_SbY0eRABmtlEcktQ,ljgQY2ykzkeLXP5Uw6rUlA,,,home,0
2026-08-27,UT,Highland,Judge Memorial Catholic,0,8,0,0,contest-box,https://www.maxpreps.com/ut/soccer/girls/match/highland-salt-lake-city-vs-judge-memorial-catholic-salt-lake-city/8-27-2026/?c=c2510d31-db9a-4416-910f-219ee1426898,c2510d31-db9a-4416-910f-219ee1426898,n7DWjEgWxU-uxmTKUl-ieg,tv2UWXQ6UUydRA7utC1O4Q,,,,0
2026-08-27,UT,Hurricane,Snow Canyon,0,4,0,0,contest-box,https://www.maxpreps.com/ut/soccer/girls/match/hurricane-vs-snow-canyon-st-george/8-27-2026/?c=104c26f4-68b0-4b55-916a-f9c3ab3e7f73,104c26f4-68b0-4b55-916a-f9c3ab3e7f73,wZ-UCnEcOE6HRic5HUnC2A,Pd0LBY79vkOqJVvNCMHVfQ,,25,,0
2026-08-27,UT,Jordan,Juan Diego Catholic,7,1,0,0,contest-box,https://www.maxpreps.com/ut/soccer/girls/match/jordan-sandy-vs-juan-diego-catholic-draper/8-27-2026/?c=3d9a1555-2608-49a0-8f36-b05848750eac,3d9a1555-2608-49a0-8f36-b05848750eac,5U7a5pYpeEyNewmUbeHelg,rUZA3kk53ESdn4Gr2gfpeA,,,,0
2026-08-27,UT,Maple Mountain,Springville,4,0,0,0,contest-box,https://www.maxpreps.com/ut/soccer/girls/match/maple-mountain-spanish-fork-vs-springville/8-27-2026/?c=45ea6920-abb2-4a9f-88b4-6e6fa8c03ae4,45ea6920-abb2-4a9f-88b4-6e6fa8c03ae4,7LyIC7MdBE2-cpDIW2ubAg,fjvhFKFTk0C2RT-vLhBjFQ,9,,,0
2026-08-27,UT,Orem,Mountain View,0,1,0,0,contest-box,https://www.maxpreps.com/ut/soccer/girls/match/mountain-view-orem-vs-orem/8-27-2026/?c=a8f294e6-41e3-462f-8339-fb71ad8dfbfd,a8f294e6-41e3-462f-8339-fb71ad8dfbfd,SoWWbqQ8u0SmsImc-E36PQ,1p0RST-Bh0ad4pNn-2kTnQ,,14,,0
2026-08-27,UT,Park City,Cottonwood,9,0,0,0,contest-box,https://www.maxpreps.com/ut/soccer/girls/match/cottonwood-salt-lake-city-vs-park-city/8-27-2026/?c=3169a47a-4a58-4ccd-93ad-090b96eb26e2,3169a47a-4a58-4ccd-93ad-090b96eb26e2,ALVZRgM-6UeCwdgAHFA1bw,5005CJLWE0yYhDV6yknTfA,2,,,0
2026-08-27,UT,Parowan,Beaver,1,6,0,0,contest-box,https://www.maxpreps.com/ut/soccer/girls/match/beaver-vs-parowan/8-27-2026/?c=f9286fbe-08a3-49ca-8341-2e4af1c3d575,f9286fbe-08a3-49ca-8341-2e4af1c3d575,xBgZr-cSTkS0Cwg7HQSmrg,h0e_0l5RKki2YHjIK42s8Q,,,,0
2026-08-27,UT,Payson,Pleasant Grove,0,3,0,0,contest-box,https://www.maxpreps.com/ut/soccer/girls/match/payson-vs-pleasant-grove/8-27-2026/?c=18cc11db-b7c6-4967-8c43-b4eebee3bd58,18cc11db-b7c6-4967-8c43-b4eebee3bd58,HZOTMPfRb0yQ5UUkcXYQZw,oFlF5I7CckK4gEE8o0M-qQ,,19,,0
2026-08-27,UT,Pine View,Dixie,0,5,0,0,contest-box,https://www.maxpreps.com/ut/soccer/girls/match/dixie-st-george-vs-pine-view-st-george/8-27-2026/?c=45100df9-1397-46c1-b6ad-f8d0c679dc81,45100df9-1397-46c1-b6ad-f8d0c679dc81,4LMSCP6jxEya7MYQ-odqLQ,SByCRbMV5k2Eu2sWwFKK3A,,,,0
2026-08-27,UT,Providence Hall,UMAHF,9,1,0,0,contest-box,https://www.maxpreps.com/ut/soccer/girls/match/providence-hall-herriman-vs-utah-military-academy-hill-field-riverdale/8-27-2026/?c=88bc74a1-60c6-44d1-ab90-733742b94192,88bc74a1-60c6-44d1-ab90-733742b94192,nC5WzLRyyES8OQ9bomMbDQ,o6eI4jTKeUCG7W8MiBI09Q,,,,0
2026-08-27,UT,Provo,Deer Creek,2,0,0,0,contest-box,https://www.maxpreps.com/ut/soccer/girls/match/deer-creek-heber-city-vs-provo/8-27-2026/?c=b88007ae-e8cc-45ee-9aac-c5e5e52ea861,b88007ae-e8cc-45ee-9aac-c5e5e52ea861,tHi7es56h0WUF4-rafUxCA,e-jFFn_fNkK1b503lTHGQQ,,,,0
2026-08-27,UT,San Juan,Gunnison Valley,6,0,0,0,contest-box,https://www.maxpreps.com/ut/soccer/girls/match/gunnison-valley-vs-san-juan-blanding/8-27-2026/?c=76a1dad7-58e7-48b9-99bc-131aea6115a7,76a1dad7-58e7-48b9-99bc-131aea6115a7,yx311UctvUKv4xx_Cd-dfA,9vXe0yo80Eqv69sZ2zs_ng,,,,0
2026-08-27,UT,Skyline,Olympus,1,4,0,0,contest-box,https://www.maxpreps.com/ut/soccer/girls/match/olympus-salt-lake-city-vs-skyline-salt-lake-city/8-27-2026/?c=b6dc7bcc-444f-4909-aaeb-78fc86e5d8a1,b6dc7bcc-444f-4909-aaeb-78fc86e5d8a1,dHHlIoYsbEmZybAkuFfL4A,7HjpjwfzpU6GkdCeGFVh_Q,,7,,0
2026-08-27,UT,Summit Academy,Uintah,0,8,0,0,contest-box,https://www.maxpreps.com/ut/soccer/girls/match/summit-academy-bluffdale-vs-uintah-vernal/8-27-2026/?c=1890efb7-7c46-4fde-8ff5-0e61cb1e88d0,1890efb7-7c46-4fde-8ff5-0e61cb1e88d0,8q3vmVwvAkeHeTPVEoL7DA,A-vGTJ5dyEq97LSJmRt2ww,,,,0
2026-08-27,UT,Syracuse,Ogden,5,1,0,0,contest-box,https://www.maxpreps.com/ut/soccer/girls/match/ogden-vs-syracuse/8-27-2026/?c=d336f0db-8c47-4dca-a6f2-5f506a2b6368,d336f0db-8c47-4dca-a6f2-5f506a2b6368,uA7JayF8AkmMCgHdXNdYaw,uQRraPnHgUWU_D4qRt5R6A,18,,,0
2026-08-27,UT,Timpview,Spanish Fork,4,2,0,0,contest-box,https://www.maxpreps.com/ut/soccer/girls/match/spanish-fork-vs-timpview-provo/8-27-2026/?c=9b322c1c-6472-47f9-85fe-bf9a3e72b70c,9b322c1c-6472-47f9-85fe-bf9a3e72b70c,szh6QyUMT0y47k3WDJY0kA,iDNn5k1wEkGUq8u994wbhg,22,,,0
2026-08-27,UT,Union,American Leadership Academy,3,0,0,0,contest-box,https://www.maxpreps.com/ut/soccer/girls/match/american-leadership-academy-spanish-fork-vs-union-roosevelt/8-27-2026/?c=5bacbd3b-e8ad-4fbd-8b89-0eaa0921e82b,5bacbd3b-e8ad-4fbd-8b89-0eaa0921e82b,WQTAUXyji06XfVOkLDovwA,vamWny48nUyvwGsZjOV7iA,,,,0
2026-08-27,UT,Wasatch,Timpanogos,4,0,0,0,contest-box,https://www.maxpreps.com/ut/soccer/girls/match/timpanogos-orem-vs-wasatch-heber-city/8-27-2026/?c=13db9a1a-aeaf-4979-b295-005e4385bb33,13db9a1a-aeaf-4979-b295-005e4385bb33,p5TM_kxq9kWfUzREg1kDzg,6hy10Uri6U2qCRt8vHtDUA,13,,,0
2026-08-27,UT,Waterford,Draper APA,8,0,0,0,contest-box,https://www.maxpreps.com/ut/soccer/girls/match/draper-apa-vs-waterford-sandy/8-27-2026/?c=5b105950-8cea-4e40-b4e0-76b162e9ec2e,5b105950-8cea-4e40-b4e0-76b162e9ec2e,iYScz0lKmUqmVT_al-YcrA,w-XMMLAxU0S0iUqhvxjCDQ,,,,0
2026-08-27,UT,Weber,American Fork,2,2,0,0,contest-box,https://www.maxpreps.com/ut/soccer/girls/match/american-fork-vs-weber-pleasant-view/8-27-2026/?c=beb27996-e9fe-4341-a083-7770e479266d,beb27996-e9fe-4341-a083-7770e479266d,hIz6nK0FWkOCWu7w8OFOxw,saj8sDPEbEOr9lzA2920vQ,,8,away,0
2026-08-27,UT,West,Hillcrest,0,4,0,0,contest-box,https://www.maxpreps.com/ut/soccer/girls/match/hillcrest-midvale-vs-west-salt-lake-city/8-27-2026/?c=b2dfd9dc-22ee-417d-b9a8-358cfb1deaeb,b2dfd9dc-22ee-417d-b9a8-358cfb1deaeb,z1E1xxuyd0G6i3NJAqCoIQ,gtdtvRkPcE2cO8-2VCtkig,,,,0
2026-08-27,UT,West Field,Northridge,5,0,0,0,contest-box,https://www.maxpreps.com/ut/soccer/girls/match/northridge-layton-vs-west-field-taylor/8-27-2026/?c=406cc84b-f5e0-4f54-b952-a98b2026c62f,406cc84b-f5e0-4f54-b952-a98b2026c62f,J4BV14XsU0mbm_lDh2kzHw,8aU3aN5kiEyMyiHI36acgQ,,,,0
2026-08-27,UT,West Jordan,Taylorsville,3,3,0,0,contest-box,https://www.maxpreps.com/ut/soccer/girls/match/taylorsville-vs-west-jordan/8-27-2026/?c=f3cfb3ef-ef73-4b43-a842-e26b4625f4fc,f3cfb3ef-ef73-4b43-a842-e26b4625f4fc,JPzEnvfpC0ytQInOd7nuLQ,F_Mxeo3mH0CvCCVRj4PJPA,,,away,0
2026-08-27,UT,Westlake,Riverton,0,3,0,0,contest-box,https://www.maxpreps.com/ut/soccer/girls/match/riverton-vs-westlake-saratoga-springs/8-27-2026/?c=6bbf667f-ded3-4d37-939a-4304059193d7,6bbf667f-ded3-4d37-939a-4304059193d7,h1tZDqJJvkWdYdYVSYZSWw,A0ehELDkQUqAYDQnLNO9Hg,,,,0
2026-08-27,UT,Woods Cross,Brighton,0,2,0,0,contest-box,https://www.maxpreps.com/ut/soccer/girls/match/brighton-salt-lake-city-vs-woods-cross/8-27-2026/?c=d7e0b78f-f796-4375-b849-a8c9cfe120c6,d7e0b78f-f796-4375-b849-a8c9cfe120c6,AP9OOlVsw0SpBYPbGVqDgQ,d7o70ttTskORC2J1WRlTuQ,,11,,0
2026-08-28,UT,Carbon,Juab,5,2,0,0,contest-box,https://www.maxpreps.com/ut/soccer/girls/match/carbon-price-vs-juab-nephi/8-28-2026/?c=26f104d5-16fe-4506-b512-3367ab4508e8,26f104d5-16fe-4506-b512-3367ab4508e8,gthncdwH2UGfCZTIABdUxQ,dUvS7F01UUindP8SuMI6qg,,,,0
2026-08-28,UT,Layton,Bingham,1,2,0,0,contest-box,https://www.maxpreps.com/ut/soccer/girls/match/bingham-south-jordan-vs-layton/8-28-2026/?c=d4327f28-0981-48f8-8682-daa056c91a0f,d4327f28-0981-48f8-8682-daa056c91a0f,yYV_2EjmEkeUp5LoXBZ9og,wDhzNoTXLkmoVMBs_GRHwQ,,,,0
2026-08-28,UT,Millard,Delta,2,3,0,0,contest-box,https://www.maxpreps.com/ut/soccer/girls/match/delta-vs-millard-fillmore/8-28-2026/?c=c5fe998d-120f-4a59-8c3f-acc32d44eb87,c5fe998d-120f-4a59-8c3f-acc32d44eb87,tG05w1fT8EWcQYN2P3gbfA,2waxi2_uMUmULPI-C4W2rg,,,,0
2026-08-28,UT,UMACW,American Heritage,0,9,0,0,contest-box,https://www.maxpreps.com/ut/soccer/girls/match/american-heritage-american-fork-vs-utah-military-academy-camp-williams-lehi/8-28-2026/?c=5f747916-54f2-4f04-97e2-d923cdf6f0c1,5f747916-54f2-4f04-97e2-d923cdf6f0c1,uqmTTZhXv0eLmYmRyVKpvw,u_AxdR5CJ0CUbWPhzXh-pQ,,,,0
2026-08-28,UT,UMAHF,American Prep WV,3,1,0,0,contest-box,https://www.maxpreps.com/ut/soccer/girls/match/american-prep-wv-west-valley-city-vs-utah-military-academy-hill-field-riverdale/8-28-2026/?c=3d331cae-714c-4aa8-92e3-d90b8a9eb8f1,3d331cae-714c-4aa8-92e3-d90b8a9eb8f1,o6eI4jTKeUCG7W8MiBI09Q,QfbajoUoqE6KmpaGJKIYxg,,,,0
2026-08-29,UT,Box Elder,Meridian,2,0,0,0,contest-box,https://www.maxpreps.com/inter-state/soccer/girls/match/box-elder-brigham-city-ut-vs-meridian-id/8-29-2026/?c=fb382dcf-8e16-4862-ad80-bad603571847,fb382dcf-8e16-4862-ad80-bad603571847,0SBsTFySgU21WIhalXEU5g,BhQCJ-TxcE24nmyQGgwyJQ,15,,,0
2026-08-29,UT,Logan,Meridian,2,2,0,0,contest-box,https://www.maxpreps.com/inter-state/soccer/girls/match/logan-ut-vs-meridian-id/8-29-2026/?c=5b0ab2fd-bcfe-475e-a342-b52f7851bfb6,5b0ab2fd-bcfe-475e-a342-b52f7851bfb6,WjLZnjAXY0G52j7wK2anow,BhQCJ-TxcE24nmyQGgwyJQ,,,away,0
2026-08-31,UT,Cottonwood,Murray,1,7,0,0,contest-box,https://www.maxpreps.com/ut/soccer/girls/match/cottonwood-salt-lake-city-vs-murray/8-31-2026/?c=e0b365ba-604a-4921-bf52-d1a0be98cc2e,e0b365ba-604a-4921-bf52-d1a0be98cc2e,5005CJLWE0yYhDV6yknTfA,6ZoPz6Kv90iP3duo40HrZA,,,,0
2026-08-31,UT,Deseret Peak,Tooele,,,0,0,contest-box,https://www.maxpreps.com/ut/soccer/girls/match/deseret-peak-tooele-vs-tooele/8-31-2026/?c=6c944e35-c359-4674-bfc9-a281e811037a,6c944e35-c359-4674-bfc9-a281e811037a,POr_JTykwU-SmHKbACjH2g,DAuMdnY5AUO8s7vtaY8eOQ,,,,0
2026-08-31,UT,Juan Diego Catholic,East,1,7,0,0,contest-box,https://www.maxpreps.com/ut/soccer/girls/match/east-salt-lake-city-vs-juan-diego-catholic-draper/8-31-2026/?c=b20d86c5-dde6-406d-98ed-2032d1048e16,b20d86c5-dde6-406d-98ed-2032d1048e16,rUZA3kk53ESdn4Gr2gfpeA,2C75q91bQE-BvgyPOTV8_w,,17,,0
2026-08-31,UT,Judge Memorial Catholic,Park City,0,7,0,0,contest-box,https://www.maxpreps.com/ut/soccer/girls/match/judge-memorial-catholic-salt-lake-city-vs-park-city/8-31-2026/?c=114ce9b1-ac91-45e1-a321-fb01b1ed90d5,114ce9b1-ac91-45e1-a321-fb01b1ed90d5,tv2UWXQ6UUydRA7utC1O4Q,ALVZRgM-6UeCwdgAHFA1bw,,2,,0
2026-08-31,UT,Ridgeline,Mountain Crest,2,1,0,0,contest-box,https://www.maxpreps.com/ut/soccer/girls/match/mountain-crest-hyrum-vs-ridgeline-millville/8-31-2026/?c=ff78ae68-1f91-433c-9020-d95c617eeb2d,ff78ae68-1f91-433c-9020-d95c617eeb2d,ZdVdGaxSmkmKUW5abKOxYQ,7L0kx5wiBUajGrJLhG15yQ,16,,,0
2026-08-31,UT,Stansbury,Bear River,6,1,0,0,contest-box,https://www.maxpreps.com/ut/soccer/girls/match/bear-river-garland-vs-stansbury-stansbury-park/8-31-2026/?c=d0ac3b8b-c8bf-4c2c-94be-246abf890451,d0ac3b8b-c8bf-4c2c-94be-246abf890451,NhooN9iDeEqgJK6LBqjY1Q,NGgliQsUlUezFT0g_n92Qg,,,,0
2026-08-31,UT,UMAHF,Providence Hall,0,8,0,0,contest-box,https://www.maxpreps.com/ut/soccer/girls/match/providence-hall-herriman-vs-utah-military-academy-hill-field-riverdale/8-31-2026/?c=e0093701-6ce5-4f14-bc82-4649c4475dc6,e0093701-6ce5-4f14-bc82-4649c4475dc6,o6eI4jTKeUCG7W8MiBI09Q,nC5WzLRyyES8OQ9bomMbDQ,,,,0
2026-09-01,UT,American Heritage,UMAHF,12,0,0,0,contest-box,https://www.maxpreps.com/ut/soccer/girls/match/american-heritage-american-fork-vs-utah-military-academy-hill-field-riverdale/9-1-2026/?c=7cd67a14-048d-459b-8715-79fe40b037cd,7cd67a14-048d-459b-8715-79fe40b037cd,u_AxdR5CJ0CUbWPhzXh-pQ,o6eI4jTKeUCG7W8MiBI09Q,,,,0
2026-09-01,UT,American Leadership Academy,Maeser Prep Academy,0,4,0,0,contest-box,https://www.maxpreps.com/ut/soccer/girls/match/american-leadership-academy-spanish-fork-vs-maeser-prep-academy-lindon/9-1-2026/?c=013ed549-3e5d-40e7-8274-cf249832ff8b,013ed549-3e5d-40e7-8274-cf249832ff8b,vamWny48nUyvwGsZjOV7iA,gLZnKJDlyE2I_Bh44UeetA,,,,0
2026-09-01,UT,American Prep WV,St. Joseph,0,9,0,0,contest-box,https://www.maxpreps.com/ut/soccer/girls/match/american-prep-wv-west-valley-city-vs-st-joseph-ogden/9-1-2026/?c=a1cb60ed-0037-484b-a8fa-b9ea33194caf,a1cb60ed-0037-484b-a8fa-b9ea33194caf,QfbajoUoqE6KmpaGJKIYxg,ojCwmUEcV0qyZBT6zyI_Vg,,,,0
2026-09-01,UT,Beaver,Gunnison Valley,8,0,0,0,contest-box,https://www.maxpreps.com/ut/soccer/girls/match/beaver-vs-gunnison-valley/9-1-2026/?c=36879b72-1450-4a26-909d-4db1ad6ee6a1,36879b72-1450-4a26-909d-4db1ad6ee6a1,h0e_0l5RKki2YHjIK42s8Q,9vXe0yo80Eqv69sZ2zs_ng,,,,0
2026-09-01,UT,Bingham,Westlake,2,0,0,0,contest-box,https://www.maxpreps.com/ut/soccer/girls/match/bingham-south-jordan-vs-westlake-saratoga-springs/9-1-2026/?c=70383c7f-d4a6-4af5-9f14-bffb85b925e3,70383c7f-d4a6-4af5-9f14-bffb85b925e3,wDhzNoTXLkmoVMBs_GRHwQ,h1tZDqJJvkWdYdYVSYZSWw,,,,0
2026-09-01,UT,Brighton,Bountiful,3,0,0,0,contest-box,https://www.maxpreps.com/ut/soccer/girls/match/bountiful-vs-brighton-salt-lake-city/9-1-2026/?c=5581c57c-4cb9-4cbc-b053-671506fa0318,5581c57c-4cb9-4cbc-b053-671506fa0318,d7o70ttTskORC2J1WRlTuQ,gp9RBPuTDkCfuM7BEb_IzQ,11,6,,0
2026-09-01,UT,Cedar Valley,Herriman,0,3,0,0,contest-box,https://www.maxpreps.com/ut/soccer/girls/match/cedar-valley-eagle-mountain-vs-herriman-west-herriman/9-1-2026/?c=68209893-e414-485f-87af-67658524f66e,68209893-e414-485f-87af-67658524f66e,WlVT69X3b0WPe7a37tOPkA,wXAir_SbY0eRABmtlEcktQ,,,,0
2026-09-01,UT,Clearfield,Roy,7,0,0,0,contest-box,https://www.maxpreps.com/ut/soccer/girls/match/clearfield-vs-roy/9-1-2026/?c=2bce55a5-8058-44c7-a56d-9967f8bf90b3,2bce55a5-8058-44c7-a56d-9967f8bf90b3,szv6Ia2yJ0GYwLahjBqswA,Ug41sf7tgEGqZrYBNaaKzA,,,,0
2026-09-01,UT,Corner Canyon,Lone Peak,0,1,0,0,contest-box,https://www.maxpreps.com/ut/soccer/girls/match/corner-canyon-draper-vs-lone-peak-highland/9-1-2026/?c=a2105072-c700-49af-9310-ce730ee21b91,a2105072-c700-49af-9310-ce730ee21b91,as5NfsG3mk2VnIks1LIn3w,Wd-65503zEOodZOL3GB_LQ,20,1,,0
2026-09-01,UT,Deer Creek,Summit Academy,9,0,0,0,contest-box,https://www.maxpreps.com/ut/soccer/girls/match/deer-creek-heber-city-vs-summit-academy-bluffdale/9-1-2026/?c=b7e1761b-057d-4a41-8789-1ac2a7d45ba7,b7e1761b-057d-4a41-8789-1ac2a7d45ba7,e-jFFn_fNkK1b503lTHGQQ,8q3vmVwvAkeHeTPVEoL7DA,,,,0
2026-09-01,UT,Desert Hills,Dixie,2,1,0,0,contest-box,https://www.maxpreps.com/ut/soccer/girls/match/desert-hills-st-george-vs-dixie-st-george/9-1-2026/?c=a4c48d1e-0477-4f35-ba4d-270901062b01,a4c48d1e-0477-4f35-ba4d-270901062b01,aXsjChoH6Eaq8uFvvNvkvA,SByCRbMV5k2Eu2sWwFKK3A,23,,,0
2026-09-01,UT,Emery,Carbon,0,7,0,0,contest-box,https://www.maxpreps.com/ut/soccer/girls/match/carbon-price-vs-emery-castle-dale/9-1-2026/?c=15423118-079d-49d1-8e17-071982f9bf8e,15423118-079d-49d1-8e17-071982f9bf8e,Bos_J2uWu0KpBMuw8n3XvA,gthncdwH2UGfCZTIABdUxQ,,,,0
2026-09-01,UT,Enterprise,Parowan,5,2,0,0,contest-box,https://www.maxpreps.com/ut/soccer/girls/match/enterprise-vs-parowan/9-1-2026/?c=e536f49c-f5d1-4c2c-9e3d-7a27170299c9,e536f49c-f5d1-4c2c-9e3d-7a27170299c9,TMtlPq-joECmYu-slufHKQ,xBgZr-cSTkS0Cwg7HQSmrg,,,,0
2026-09-01,UT,Hillcrest,Granger,9,2,0,0,contest-box,https://www.maxpreps.com/ut/soccer/girls/match/granger-west-valley-city-vs-hillcrest-midvale/9-1-2026/?c=52cc917b-6991-4d32-832c-e57a564b9560,52cc917b-6991-4d32-832c-e57a564b9560,gtdtvRkPcE2cO8-2VCtkig,7ItcFlSYIkapzWDQ83q5lA,,,,0
2026-09-01,UT,Hunter,Cyprus,1,9,0,0,contest-box,https://www.maxpreps.com/ut/soccer/girls/match/cyprus-magna-vs-hunter-west-valley-city/9-1-2026/?c=bac5e9ec-fdf6-4cd4-be81-10288f4bdd9c,bac5e9ec-fdf6-4cd4-be81-10288f4bdd9c,wbAV7pAD4UiLfonNnDT19w,5kaVdvKpJkyz4KyhLAp2JQ,,,,0
2026-09-01,UT,Juab,Delta,1,0,0,0,contest-box,https://www.maxpreps.com/ut/soccer/girls/match/delta-vs-juab-nephi/9-1-2026/?c=e9c30395-9760-4fa8-8d56-60da1ad0cfcc,e9c30395-9760-4fa8-8d56-60da1ad0cfcc,dUvS7F01UUindP8SuMI6qg,2waxi2_uMUmULPI-C4W2rg,,,,0
2026-09-01,UT,Kearns,Taylorsville,3,2,0,0,contest-box,https://www.maxpreps.com/ut/soccer/girls/match/kearns-vs-taylorsville/9-1-2026/?c=6d1cf368-e1a6-4b85-8520-53d05bc1e55f,6d1cf368-e1a6-4b85-8520-53d05bc1e55f,tif4SSihfE-eTHeOjNgcqw,F_Mxeo3mH0CvCCVRj4PJPA,,,,0
2026-09-01,UT,Layton,Weber,3,1,0,0,contest-box,https://www.maxpreps.com/ut/soccer/girls/match/layton-vs-weber-pleasant-view/9-1-2026/?c=b386197e-6b5c-4bd6-ae3d-f84922bd50b1,b386197e-6b5c-4bd6-ae3d-f84922bd50b1,yYV_2EjmEkeUp5LoXBZ9og,hIz6nK0FWkOCWu7w8OFOxw,,,,0
2026-09-01,UT,Lehi,Skyridge,2,0,0,0,contest-box,https://www.maxpreps.com/ut/soccer/girls/match/lehi-vs-skyridge-lehi/9-1-2026/?c=0c8b868b-b1ab-4c34-a71b-754dd37b2a5a,0c8b868b-b1ab-4c34-a71b-754dd37b2a5a,tRUDUc9j1EKttvW-pMY7rQ,VwsPSpAaGkyHOF7QvWG_nQ,21,,,0
2026-09-01,UT,Manti,Union,6,0,0,0,contest-box,https://www.maxpreps.com/ut/soccer/girls/match/manti-vs-union-roosevelt/9-1-2026/?c=6d4768f8-a2d7-45a5-bf5b-946dcb58c817,6d4768f8-a2d7-45a5-bf5b-946dcb58c817,VolHRBzydEWz9sXwLRnHQQ,WQTAUXyji06XfVOkLDovwA,12,,,0
2026-09-01,UT,Millard,Grand County,2,5,0,0,contest-box,https://www.maxpreps.com/ut/soccer/girls/match/grand-county-moab-vs-millard-fillmore/9-1-2026/?c=4aada322-a61c-4194-96f4-8fde87f25672,4aada322-a61c-4194-96f4-8fde87f25672,tG05w1fT8EWcQYN2P3gbfA,GiB8Xpczq0OcdwUsMRpm0Q,,,,0
2026-09-01,UT,Mountain Ridge,Riverton,1,0,0,0,contest-box,https://www.maxpreps.com/ut/soccer/girls/match/mountain-ridge-herriman-vs-riverton/9-1-2026/?c=c85425cb-0afb-4ef6-aae5-e9e1a99d480e,c85425cb-0afb-4ef6-aae5-e9e1a99d480e,ljgQY2ykzkeLXP5Uw6rUlA,A0ehELDkQUqAYDQnLNO9Hg,,,,0
2026-09-01,UT,North Summit,Rowland Hall,0,8,0,0,contest-box,https://www.maxpreps.com/ut/soccer/girls/match/north-summit-coalville-vs-rowland-hall-salt-lake-city/9-1-2026/?c=d3a4f6e5-acc4-4194-bbbe-93faa2240c68,d3a4f6e5-acc4-4194-bbbe-93faa2240c68,Uh4QQ75ciE65D9KoAS0bGA,hT4q4iptykiPRlFSmcfcFA,,,,0
2026-09-01,UT,Northridge,Box Elder,0,1,0,0,contest-box,https://www.maxpreps.com/ut/soccer/girls/match/box-elder-brigham-city-vs-northridge-layton/9-1-2026/?c=e72e895f-ce3f-4b15-85de-d0e220463199,e72e895f-ce3f-4b15-85de-d0e220463199,8aU3aN5kiEyMyiHI36acgQ,0SBsTFySgU21WIhalXEU5g,,15,,0
2026-09-01,UT,Ogden,Olympus,0,3,0,0,contest-box,https://www.maxpreps.com/ut/soccer/girls/match/ogden-vs-olympus-salt-lake-city/9-1-2026/?c=cbd15f2a-2bf8-496c-ae7f-bc3266d541be,cbd15f2a-2bf8-496c-ae7f-bc3266d541be,uQRraPnHgUWU_D4qRt5R6A,7HjpjwfzpU6GkdCeGFVh_Q,,7,,0
2026-09-01,UT,Pine View,Hurricane,0,3,0,0,contest-box,https://www.maxpreps.com/ut/soccer/girls/match/hurricane-vs-pine-view-st-george/9-1-2026/?c=7c27a608-b9fc-4ec7-ba0d-9a6279c1b6be,7c27a608-b9fc-4ec7-ba0d-9a6279c1b6be,4LMSCP6jxEya7MYQ-odqLQ,wZ-UCnEcOE6HRic5HUnC2A,,,,0
2026-09-01,UT,Provo,Mountain View,1,2,0,0,contest-box,https://www.maxpreps.com/ut/soccer/girls/match/mountain-view-orem-vs-provo/9-1-2026/?c=65746e5f-28f1-4cec-9eae-38d0cd12e6bc,65746e5f-28f1-4cec-9eae-38d0cd12e6bc,tHi7es56h0WUF4-rafUxCA,1p0RST-Bh0ad4pNn-2kTnQ,,14,,0
2026-09-01,UT,Salem Hills,Springville,1,0,0,0,contest-box,https://www.maxpreps.com/ut/soccer/girls/match/salem-hills-vs-springville/9-1-2026/?c=6d32733c-b81e-4ab6-af4f-8a29366c7995,6d32733c-b81e-4ab6-af4f-8a29366c7995,0qGZxmqQ9EebK3P_H5Hnhg,fjvhFKFTk0C2RT-vLhBjFQ,,,,0
2026-09-01,UT,Salt Lake Academy,Copper Hills,2,4,0,0,contest-box,https://www.maxpreps.com/ut/soccer/girls/match/copper-hills-west-jordan-vs-salt-lake-academy-herriman/9-1-2026/?c=3741d9e0-26fe-4926-83c9-44449e1ad4ef,3741d9e0-26fe-4926-83c9-44449e1ad4ef,ULD7YC0by0CENSv4S97SPA,dz5TL8IJY0OLcjEyFH2sVQ,,,,0
2026-09-01,UT,Snow Canyon,Cedar,3,1,0,0,contest-box,https://www.maxpreps.com/ut/soccer/girls/match/cedar-cedar-city-vs-snow-canyon-st-george/9-1-2026/?c=dc0c37b3-1131-4207-a72d-25ee560888d8,dc0c37b3-1131-4207-a72d-25ee560888d8,Pd0LBY79vkOqJVvNCMHVfQ,epqAqJIXWU6BFUbmpp69ig,25,,,0
2026-09-01,UT,South Sevier,San Juan,1,5,0,0,contest-box,https://www.maxpreps.com/ut/soccer/girls/match/san-juan-blanding-vs-south-sevier-monroe/9-1-2026/?c=ce079bdc-b699-455e-bf40-07c3be10aa90,ce079bdc-b699-455e-bf40-07c3be10aa90,Jur801Co7Ua6fnty0xbW3w,yx311UctvUKv4xx_Cd-dfA,,,,0
2026-09-01,UT,Spanish Fork,Maple Mountain,0,3,0,0,contest-box,https://www.maxpreps.com/ut/soccer/girls/match/maple-mountain-spanish-fork-vs-spanish-fork/9-1-2026/?c=bd0913d3-d91d-4542-88df-ada80c1f4e87,bd0913d3-d91d-4542-88df-ada80c1f4e87,iDNn5k1wEkGUq8u994wbhg,7LyIC7MdBE2-cpDIW2ubAg,,9,,0
2026-09-01,UT,Syracuse,Farmington,1,2,0,0,contest-box,https://www.maxpreps.com/ut/soccer/girls/match/farmington-vs-syracuse/9-1-2026/?c=0010a9ab-c339-43da-b02c-6e1f3214b510,0010a9ab-c339-43da-b02c-6e1f3214b510,uA7JayF8AkmMCgHdXNdYaw,W5P6ZrIVD0qEpbRC4uHfDg,18,10,,0
2026-09-01,UT,Timpanogos,Orem,2,1,0,0,contest-box,https://www.maxpreps.com/ut/soccer/girls/match/orem-vs-timpanogos-orem/9-1-2026/?c=52e97e7b-db47-4b81-b6df-c2d74c351e73,52e97e7b-db47-4b81-b6df-c2d74c351e73,6hy10Uri6U2qCRt8vHtDUA,SoWWbqQ8u0SmsImc-E36PQ,,,,0
2026-09-01,UT,Timpview,Pleasant Grove,5,1,0,0,contest-box,https://www.maxpreps.com/ut/soccer/girls/match/pleasant-grove-vs-timpview-provo/9-1-2026/?c=3e4ef610-41e6-4f7c-9248-6627f9eff5a3,3e4ef610-41e6-4f7c-9248-6627f9eff5a3,szh6QyUMT0y47k3WDJY0kA,oFlF5I7CckK4gEE8o0M-qQ,22,19,,0
2026-09-01,UT,UMACW,South Summit,0,9,0,0,contest-box,https://www.maxpreps.com/ut/soccer/girls/match/south-summit-kamas-vs-utah-military-academy-camp-williams-lehi/9-1-2026/?c=62f5d18a-8118-4d40-9050-1ed9f74dbef3,62f5d18a-8118-4d40-9050-1ed9f74dbef3,uqmTTZhXv0eLmYmRyVKpvw,Me75bEeZiEKNebC6Fz3aBw,,,,0
2026-09-01,UT,Uintah,Wasatch,1,2,0,0,contest-box,https://www.maxpreps.com/ut/soccer/girls/match/uintah-vernal-vs-wasatch-heber-city/9-1-2026/?c=c9f6c300-7e4e-4d79-9c5f-4e85835a0cfe,c9f6c300-7e4e-4d79-9c5f-4e85835a0cfe,A-vGTJ5dyEq97LSJmRt2ww,p5TM_kxq9kWfUzREg1kDzg,,13,,0
2026-09-01,UT,Viewmont,Alta,1,0,0,0,contest-box,https://www.maxpreps.com/ut/soccer/girls/match/alta-sandy-vs-viewmont-bountiful/9-1-2026/?c=cf16e98e-c28a-4a70-8259-28c238251cd6,cf16e98e-c28a-4a70-8259-28c238251cd6,Jn4kRvAczUe3Gk02GjwtCQ,nJDp5m789UihkixEDnDCOQ,,,,0
2026-09-01,UT,West Field,Fremont,2,0,0,0,contest-box,https://www.maxpreps.com/ut/soccer/girls/match/fremont-plain-city-vs-west-field-taylor/9-1-2026/?c=ac2fc841-56f4-4add-970a-577b77cfab21,ac2fc841-56f4-4add-970a-577b77cfab21,J4BV14XsU0mbm_lDh2kzHw,VCdl3-YaU0W-8yHRuLj4bg,,,,0
2026-09-01,UT,West Jordan,West,2,1,0,0,contest-box,https://www.maxpreps.com/ut/soccer/girls/match/west-jordan-vs-west-salt-lake-city/9-1-2026/?c=d5c6f139-2eb7-4b9e-9784-81078f77b28b,d5c6f139-2eb7-4b9e-9784-81078f77b28b,JPzEnvfpC0ytQInOd7nuLQ,z1E1xxuyd0G6i3NJAqCoIQ,,,,0
2026-09-01,UT,Woods Cross,Skyline,3,4,0,0,contest-box,https://www.maxpreps.com/ut/soccer/girls/match/skyline-salt-lake-city-vs-woods-cross/9-1-2026/?c=080d02dd-5aef-4cbe-a043-5f68d8151143,080d02dd-5aef-4cbe-a043-5f68d8151143,AP9OOlVsw0SpBYPbGVqDgQ,dHHlIoYsbEmZybAkuFfL4A,,,,0
2026-09-02,UT,Bear River,Tooele,6,1,0,0,contest-box,https://www.maxpreps.com/ut/soccer/girls/match/bear-river-garland-vs-tooele/9-2-2026/?c=3e65f954-96fc-4f92-9f2b-10017ef7abb6,3e65f954-96fc-4f92-9f2b-10017ef7abb6,NGgliQsUlUezFT0g_n92Qg,DAuMdnY5AUO8s7vtaY8eOQ,,,,0
2026-09-02,UT,Granger,West Jordan,3,2,0,0,contest-box,https://www.maxpreps.com/ut/soccer/girls/match/granger-west-valley-city-vs-west-jordan/9-2-2026/?c=2b43a890-4ff3-45e9-adc2-e940bfc3eb0d,2b43a890-4ff3-45e9-adc2-e940bfc3eb0d,7ItcFlSYIkapzWDQ83q5lA,JPzEnvfpC0ytQInOd7nuLQ,,,,0
2026-09-02,UT,Green Canyon,Stansbury,8,0,0,0,contest-box,https://www.maxpreps.com/ut/soccer/girls/match/green-canyon-wolfpack-north-logan-vs-stansbury-stansbury-park/9-2-2026/?c=2c3f9fc9-90aa-4dad-8324-9eb7467736dd,2c3f9fc9-90aa-4dad-8324-9eb7467736dd,gLQMMvp1_UCJpU48fSLqSg,NhooN9iDeEqgJK6LBqjY1Q,4,,,0
2026-09-02,UT,Mountain Crest,Deseret Peak,5,1,0,0,contest-box,https://www.maxpreps.com/ut/soccer/girls/match/deseret-peak-tooele-vs-mountain-crest-hyrum/9-2-2026/?c=d8294ebd-2593-4009-8530-0a48c2743211,d8294ebd-2593-4009-8530-0a48c2743211,7L0kx5wiBUajGrJLhG15yQ,POr_JTykwU-SmHKbACjH2g,,,,0
2026-09-02,UT,Murray,Park City,0,2,0,0,contest-box,https://www.maxpreps.com/ut/soccer/girls/match/murray-vs-park-city/9-2-2026/?c=9d80c6e6-6335-4279-bc27-01d6915b3479,9d80c6e6-6335-4279-bc27-01d6915b3479,6ZoPz6Kv90iP3duo40HrZA,ALVZRgM-6UeCwdgAHFA1bw,,2,,0
2026-09-02,UT,Sky View,Ridgeline,1,5,0,0,contest-box,https://www.maxpreps.com/ut/soccer/girls/match/ridgeline-millville-vs-sky-view-smithfield/9-2-2026/?c=f1cf33e8-e603-4e68-bb5f-73a9816fd0e7,f1cf33e8-e603-4e68-bb5f-73a9816fd0e7,Ads5JSH8vUSLmBdh-YVWTg,ZdVdGaxSmkmKUW5abKOxYQ,,16,,0
2026-09-03,UT,Alta,Brighton,2,1,0,0,contest-box,https://www.maxpreps.com/ut/soccer/girls/match/alta-sandy-vs-brighton-salt-lake-city/9-3-2026/?c=3d706fe0-4007-406b-bbb7-8ddae98564b1,3d706fe0-4007-406b-bbb7-8ddae98564b1,nJDp5m789UihkixEDnDCOQ,d7o70ttTskORC2J1WRlTuQ,,11,,0
2026-09-03,UT,Bonneville,Clearfield,2,1,0,0,contest-box,https://www.maxpreps.com/ut/soccer/girls/match/bonneville-washington-terrace-vs-clearfield/9-3-2026/?c=b9ff0a66-f37f-4f1f-b9fe-2b4113266346,b9ff0a66-f37f-4f1f-b9fe-2b4113266346,A5FbmWmy1kCQbK_104f4xw,szv6Ia2yJ0GYwLahjBqswA,24,,,0
2026-09-03,UT,Carbon,Manti,1,2,0,0,contest-box,https://www.maxpreps.com/ut/soccer/girls/match/carbon-price-vs-manti/9-3-2026/?c=d70279b6-c7de-40dc-9866-b65624b4eb09,d70279b6-c7de-40dc-9866-b65624b4eb09,gthncdwH2UGfCZTIABdUxQ,VolHRBzydEWz9sXwLRnHQQ,,12,,0
2026-09-03,UT,Cedar,Pine View,6,0,0,0,contest-box,https://www.maxpreps.com/ut/soccer/girls/match/cedar-cedar-city-vs-pine-view-st-george/9-3-2026/?c=bfd5527e-d39b-4085-9374-eb0152acc2d9,bfd5527e-d39b-4085-9374-eb0152acc2d9,epqAqJIXWU6BFUbmpp69ig,4LMSCP6jxEya7MYQ-odqLQ,,,,0
2026-09-03,UT,Copper Hills,Mountain Ridge,1,2,0,0,contest-box,https://www.maxpreps.com/ut/soccer/girls/match/copper-hills-west-jordan-vs-mountain-ridge-herriman/9-3-2026/?c=a62c878a-c839-418f-a34c-4efcf43ce318,a62c878a-c839-418f-a34c-4efcf43ce318,dz5TL8IJY0OLcjEyFH2sVQ,ljgQY2ykzkeLXP5Uw6rUlA,,,,0
2026-09-03,UT,Cyprus,Hillcrest,1,9,0,0,contest-box,https://www.maxpreps.com/ut/soccer/girls/match/cyprus-magna-vs-hillcrest-midvale/9-3-2026/?c=e347c94b-e89a-4439-81e7-9a06f9c50eaf,e347c94b-e89a-4439-81e7-9a06f9c50eaf,5kaVdvKpJkyz4KyhLAp2JQ,gtdtvRkPcE2cO8-2VCtkig,,,,0
2026-09-03,UT,Davis,Syracuse,2,3,0,0,contest-box,https://www.maxpreps.com/ut/soccer/girls/match/davis-kaysville-vs-syracuse/9-3-2026/?c=b667888f-bd0b-4604-b360-83bbc35384da,b667888f-bd0b-4604-b360-83bbc35384da,umZnjYyiz0-OFLZYQiT9mw,uA7JayF8AkmMCgHdXNdYaw,5,18,,0
2026-09-03,UT,Desert Hills,Snow Canyon,0,2,0,0,contest-box,https://www.maxpreps.com/ut/soccer/girls/match/desert-hills-st-george-vs-snow-canyon-st-george/9-3-2026/?c=2a6dc978-0c6d-4075-b75e-03a40039db6c,2a6dc978-0c6d-4075-b75e-03a40039db6c,aXsjChoH6Eaq8uFvvNvkvA,Pd0LBY79vkOqJVvNCMHVfQ,23,25,,0
2026-09-03,UT,Dixie,Crimson Cliffs,0,1,0,0,contest-box,https://www.maxpreps.com/ut/soccer/girls/match/crimson-cliffs-washington-vs-dixie-st-george/9-3-2026/?c=c9829b8a-bdc1-4390-b1eb-f4074441e2e6,c9829b8a-bdc1-4390-b1eb-f4074441e2e6,SByCRbMV5k2Eu2sWwFKK3A,Yr4Go1Cbi0yI68nKGZ42Uw,,3,,0
2026-09-03,UT,East,Judge Memorial Catholic,2,0,0,0,contest-box,https://www.maxpreps.com/ut/soccer/girls/match/east-salt-lake-city-vs-judge-memorial-catholic-salt-lake-city/9-3-2026/?c=5cacfe4e-bc69-4087-9d78-9cd68e3dca2e,5cacfe4e-bc69-4087-9d78-9cd68e3dca2e,2C75q91bQE-BvgyPOTV8_w,tv2UWXQ6UUydRA7utC1O4Q,17,,,0
2026-09-03,UT,Enterprise,Beaver,1,2,0,0,contest-box,https://www.maxpreps.com/ut/soccer/girls/match/beaver-vs-enterprise/9-3-2026/?c=9fd565dc-78a6-4b1b-b935-ed0982b46fb2,9fd565dc-78a6-4b1b-b935-ed0982b46fb2,TMtlPq-joECmYu-slufHKQ,h0e_0l5RKki2YHjIK42s8Q,,,,0
2026-09-03,UT,Fremont,Roy,5,0,0,0,contest-box,https://www.maxpreps.com/ut/soccer/girls/match/fremont-plain-city-vs-roy/9-3-2026/?c=bae3776b-457b-4d59-aa83-62944332332b,bae3776b-457b-4d59-aa83-62944332332b,VCdl3-YaU0W-8yHRuLj4bg,Ug41sf7tgEGqZrYBNaaKzA,,,,0
2026-09-03,UT,Grand County,South Sevier,9,1,0,0,contest-box,https://www.maxpreps.com/ut/soccer/girls/match/grand-county-moab-vs-south-sevier-monroe/9-3-2026/?c=b652ae77-8705-482c-b668-a5903fec5a1e,b652ae77-8705-482c-b668-a5903fec5a1e,GiB8Xpczq0OcdwUsMRpm0Q,Jur801Co7Ua6fnty0xbW3w,,,,0
2026-09-03,UT,Grantsville,Ben Lomond,8,0,0,0,contest-box,https://www.maxpreps.com/ut/soccer/girls/match/ben-lomond-ogden-vs-grantsville/9-3-2026/?c=44f09d07-c913-4bc1-ba47-e2355456d473,44f09d07-c913-4bc1-ba47-e2355456d473,oRzWdW4T806uW6T6lZEj8A,XHyb82zTkEumpkG0wdDiVg,,,,0
2026-09-03,UT,Gunnison Valley,Parowan,0,4,0,0,contest-box,https://www.maxpreps.com/ut/soccer/girls/match/gunnison-valley-vs-parowan/9-3-2026/?c=21b1f6bb-a7fc-4829-9e38-98ac23f1b31a,21b1f6bb-a7fc-4829-9e38-98ac23f1b31a,9vXe0yo80Eqv69sZ2zs_ng,xBgZr-cSTkS0Cwg7HQSmrg,,,,0
2026-09-03,UT,Juan Diego Catholic,Highland,1,3,0,0,contest-box,https://www.maxpreps.com/ut/soccer/girls/match/highland-salt-lake-city-vs-juan-diego-catholic-draper/9-3-2026/?c=5ba4c696-2e4f-46ba-97ef-eeffb31ddf30,5ba4c696-2e4f-46ba-97ef-eeffb31ddf30,rUZA3kk53ESdn4Gr2gfpeA,n7DWjEgWxU-uxmTKUl-ieg,,,,0
2026-09-03,UT,Kearns,Hunter,5,1,0,0,contest-box,https://www.maxpreps.com/ut/soccer/girls/match/hunter-west-valley-city-vs-kearns/9-3-2026/?c=150d1c54-7f03-4ab0-86dc-8b31144fac6f,150d1c54-7f03-4ab0-86dc-8b31144fac6f,tif4SSihfE-eTHeOjNgcqw,wbAV7pAD4UiLfonNnDT19w,,,,0
2026-09-03,UT,Layton,Farmington,1,0,0,0,contest-box,https://www.maxpreps.com/ut/soccer/girls/match/farmington-vs-layton/9-3-2026/?c=97b9ccbd-a3d0-4f93-bbb1-8ada12e3064d,97b9ccbd-a3d0-4f93-bbb1-8ada12e3064d,yYV_2EjmEkeUp5LoXBZ9og,W5P6ZrIVD0qEpbRC4uHfDg,,10,,0
2026-09-03,UT,Logan,Ogden,0,2,0,0,contest-box,https://www.maxpreps.com/ut/soccer/girls/match/logan-vs-ogden/9-3-2026/?c=bd0332c4-1b5c-4f6c-ac7b-fed25c544000,bd0332c4-1b5c-4f6c-ac7b-fed25c544000,WjLZnjAXY0G52j7wK2anow,uQRraPnHgUWU_D4qRt5R6A,,,,0
2026-09-03,UT,Lone Peak,Lehi,1,1,0,0,contest-box,https://www.maxpreps.com/ut/soccer/girls/match/lehi-vs-lone-peak-highland/9-3-2026/?c=e72922ee-43f9-47b8-bf0c-61f501e1df59,e72922ee-43f9-47b8-bf0c-61f501e1df59,Wd-65503zEOodZOL3GB_LQ,tRUDUc9j1EKttvW-pMY7rQ,1,21,home,0
2026-09-03,UT,Maeser Prep Academy,Draper APA,1,0,0,0,contest-box,https://www.maxpreps.com/ut/soccer/girls/match/draper-apa-vs-maeser-prep-academy-lindon/9-3-2026/?c=ef5f1d26-6cfa-4a07-8b0c-0f83d6b19ecf,ef5f1d26-6cfa-4a07-8b0c-0f83d6b19ecf,gLZnKJDlyE2I_Bh44UeetA,w-XMMLAxU0S0iUqhvxjCDQ,,,,0
2026-09-03,UT,Millard,San Juan,2,0,0,0,contest-box,https://www.maxpreps.com/ut/soccer/girls/match/millard-fillmore-vs-san-juan-blanding/9-3-2026/?c=bce8624f-3694-4184-8609-e2698ae3d878,bce8624f-3694-4184-8609-e2698ae3d878,tG05w1fT8EWcQYN2P3gbfA,yx311UctvUKv4xx_Cd-dfA,,,,0
2026-09-03,UT,North Sanpete,Emery,6,0,0,0,contest-box,https://www.maxpreps.com/ut/soccer/girls/match/emery-castle-dale-vs-north-sanpete-mt-pleasant/9-3-2026/?c=f70a73cf-3efb-4476-9cb6-87f96bce9d3f,f70a73cf-3efb-4476-9cb6-87f96bce9d3f,VUyQmU-xsEC1C1CBc44gpg,Bos_J2uWu0KpBMuw8n3XvA,,,,0
2026-09-03,UT,North Summit,American Leadership Academy,0,8,0,0,contest-box,https://www.maxpreps.com/ut/soccer/girls/match/american-leadership-academy-spanish-fork-vs-north-summit-coalville/9-3-2026/?c=7a62a1a6-8aae-4a2a-bb2d-aa1053730050,7a62a1a6-8aae-4a2a-bb2d-aa1053730050,Uh4QQ75ciE65D9KoAS0bGA,vamWny48nUyvwGsZjOV7iA,,,,0
2026-09-03,UT,Olympus,Woods Cross,2,0,0,0,contest-box,https://www.maxpreps.com/ut/soccer/girls/match/olympus-salt-lake-city-vs-woods-cross/9-3-2026/?c=d5e915c4-7d7b-41a9-b0b7-260e76bb638d,d5e915c4-7d7b-41a9-b0b7-260e76bb638d,7HjpjwfzpU6GkdCeGFVh_Q,AP9OOlVsw0SpBYPbGVqDgQ,7,,,0
2026-09-03,UT,Providence Hall,Canyon View,1,9,0,0,contest-box,https://www.maxpreps.com/ut/soccer/girls/match/canyon-view-cedar-city-vs-providence-hall-herriman/9-3-2026/?c=287bd752-388a-422d-9285-8fc2b1e150ea,287bd752-388a-422d-9285-8fc2b1e150ea,nC5WzLRyyES8OQ9bomMbDQ,pKaA2FCaWE2UytvY8keBbQ,,,,0
2026-09-03,UT,Richfield,Delta,3,0,0,0,contest-box,https://www.maxpreps.com/ut/soccer/girls/match/delta-vs-richfield/9-3-2026/?c=bcd98eda-ad92-4e1d-b998-dd3b35eb1776,bcd98eda-ad92-4e1d-b998-dd3b35eb1776,EkE7d-kpBkyNzLAyIZ3Ybw,2waxi2_uMUmULPI-C4W2rg,,,,0
2026-09-03,UT,Riverton,Salt Lake Academy,4,1,0,0,contest-box,https://www.maxpreps.com/ut/soccer/girls/match/riverton-vs-salt-lake-academy-herriman/9-3-2026/?c=c59ec7fb-1843-4b58-9525-a9c9acd6807d,c59ec7fb-1843-4b58-9525-a9c9acd6807d,A0ehELDkQUqAYDQnLNO9Hg,ULD7YC0by0CENSv4S97SPA,,,,0
2026-09-03,UT,Rowland Hall,American Prep WV,13,0,0,0,contest-box,https://www.maxpreps.com/ut/soccer/girls/match/american-prep-wv-west-valley-city-vs-rowland-hall-salt-lake-city/9-3-2026/?c=513c4ee1-ab46-48e0-b89b-67d7ff5009b3,513c4ee1-ab46-48e0-b89b-67d7ff5009b3,hT4q4iptykiPRlFSmcfcFA,QfbajoUoqE6KmpaGJKIYxg,,,,0
2026-09-03,UT,Skyridge,American Fork,3,0,0,0,contest-box,https://www.maxpreps.com/ut/soccer/girls/match/american-fork-vs-skyridge-lehi/9-3-2026/?c=f1782411-cf7d-48bc-a5ef-efd9687ad104,f1782411-cf7d-48bc-a5ef-efd9687ad104,VwsPSpAaGkyHOF7QvWG_nQ,saj8sDPEbEOr9lzA2920vQ,,8,,0
2026-09-03,UT,Spanish Fork,Pleasant Grove,2,1,0,0,contest-box,https://www.maxpreps.com/ut/soccer/girls/match/pleasant-grove-vs-spanish-fork/9-3-2026/?c=f75a6673-de6b-44bd-bed0-826b122647db,f75a6673-de6b-44bd-bed0-826b122647db,iDNn5k1wEkGUq8u994wbhg,oFlF5I7CckK4gEE8o0M-qQ,,19,,0
2026-09-03,UT,Springville,Payson,7,1,0,0,contest-box,https://www.maxpreps.com/ut/soccer/girls/match/payson-vs-springville/9-3-2026/?c=7a2ffcbb-8b6c-461e-95fa-eb1b1b6ede9a,7a2ffcbb-8b6c-461e-95fa-eb1b1b6ede9a,fjvhFKFTk0C2RT-vLhBjFQ,HZOTMPfRb0yQ5UUkcXYQZw,,,,0
2026-09-03,UT,St. Joseph,American Heritage,0,3,0,0,contest-box,https://www.maxpreps.com/ut/soccer/girls/match/american-heritage-american-fork-vs-st-joseph-ogden/9-3-2026/?c=b5676295-42b8-4493-b5e4-dde0a8cee934,b5676295-42b8-4493-b5e4-dde0a8cee934,ojCwmUEcV0qyZBT6zyI_Vg,u_AxdR5CJ0CUbWPhzXh-pQ,,,,0
2026-09-03,UT,Summit Academy,Mountain View,0,9,0,0,contest-box,https://www.maxpreps.com/ut/soccer/girls/match/mountain-view-orem-vs-summit-academy-bluffdale/9-3-2026/?c=c80d81ea-b6d9-485c-b64a-fa941d41f9ae,c80d81ea-b6d9-485c-b64a-fa941d41f9ae,8q3vmVwvAkeHeTPVEoL7DA,1p0RST-Bh0ad4pNn-2kTnQ,,14,,0
2026-09-03,UT,Taylorsville,West,1,4,0,0,contest-box,https://www.maxpreps.com/ut/soccer/girls/match/taylorsville-vs-west-salt-lake-city/9-3-2026/?c=04bd7e9d-93a8-4e5f-a500-2b3a8f1c0168,04bd7e9d-93a8-4e5f-a500-2b3a8f1c0168,F_Mxeo3mH0CvCCVRj4PJPA,z1E1xxuyd0G6i3NJAqCoIQ,,,,0
2026-09-03,UT,Timpanogos,Provo,3,1,0,0,contest-box,https://www.maxpreps.com/ut/soccer/girls/match/provo-vs-timpanogos-orem/9-3-2026/?c=8fd9c4ab-e223-42e3-99a0-c97245b44c1d,8fd9c4ab-e223-42e3-99a0-c97245b44c1d,6hy10Uri6U2qCRt8vHtDUA,tHi7es56h0WUF4-rafUxCA,,,,0
2026-09-03,UT,UMAHF,UMACW,3,10,0,0,contest-box,https://www.maxpreps.com/ut/soccer/girls/match/utah-military-academy-camp-williams-lehi-vs-utah-military-academy-hill-field-riverdale/9-3-2026/?c=26d08b09-f8ad-438e-9221-87094636a679,26d08b09-f8ad-438e-9221-87094636a679,o6eI4jTKeUCG7W8MiBI09Q,uqmTTZhXv0eLmYmRyVKpvw,,,,0
2026-09-03,UT,Uintah,Deer Creek,3,0,0,0,contest-box,https://www.maxpreps.com/ut/soccer/girls/match/deer-creek-heber-city-vs-uintah-vernal/9-3-2026/?c=385fbf02-72a9-42b9-9350-cd30e4c6ff11,385fbf02-72a9-42b9-9350-cd30e4c6ff11,A-vGTJ5dyEq97LSJmRt2ww,e-jFFn_fNkK1b503lTHGQQ,,,,0
2026-09-03,UT,Viewmont,Skyline,1,0,0,0,contest-box,https://www.maxpreps.com/ut/soccer/girls/match/skyline-salt-lake-city-vs-viewmont-bountiful/9-3-2026/?c=4a574ab6-2ee9-4e9e-9cdd-ac64ba21af1d,4a574ab6-2ee9-4e9e-9cdd-ac64ba21af1d,Jn4kRvAczUe3Gk02GjwtCQ,dHHlIoYsbEmZybAkuFfL4A,,,,0
2026-09-03,UT,Wasatch,Orem,1,1,0,0,contest-box,https://www.maxpreps.com/ut/soccer/girls/match/orem-vs-wasatch-heber-city/9-3-2026/?c=f9fcbb4b-0b33-4e58-a549-bc387ccd4d6d,f9fcbb4b-0b33-4e58-a549-bc387ccd4d6d,p5TM_kxq9kWfUzREg1kDzg,SoWWbqQ8u0SmsImc-E36PQ,13,,home,0
2026-09-03,UT,Waterford,South Summit,6,0,0,0,contest-box,https://www.maxpreps.com/ut/soccer/girls/match/south-summit-kamas-vs-waterford-sandy/9-3-2026/?c=639053c8-64f2-4eaf-9f4c-becf4723acfe,639053c8-64f2-4eaf-9f4c-becf4723acfe,iYScz0lKmUqmVT_al-YcrA,Me75bEeZiEKNebC6Fz3aBw,,,,0
2026-09-03,UT,Weber,Morgan,4,1,0,0,contest-box,https://www.maxpreps.com/ut/soccer/girls/match/morgan-vs-weber-pleasant-view/9-3-2026/?c=e580f53b-76c3-4a3a-88fe-0467969387fc,e580f53b-76c3-4a3a-88fe-0467969387fc,hIz6nK0FWkOCWu7w8OFOxw,eJHY5fS2DE6RSrs2YUK4vw,,,,0
2026-09-03,UT,West Field,Box Elder,0,1,0,0,contest-box,https://www.maxpreps.com/ut/soccer/girls/match/box-elder-brigham-city-vs-west-field-taylor/9-3-2026/?c=8ade8244-3159-479f-a9ac-d4bfdc13581c,8ade8244-3159-479f-a9ac-d4bfdc13581c,J4BV14XsU0mbm_lDh2kzHw,0SBsTFySgU21WIhalXEU5g,,15,,0
2026-09-03,UT,Westlake,Herriman,0,1,0,0,contest-box,https://www.maxpreps.com/ut/soccer/girls/match/herriman-west-herriman-vs-westlake-saratoga-springs/9-3-2026/?c=c8ed0d28-544c-42b8-942d-d91675be6c90,c8ed0d28-544c-42b8-942d-d91675be6c90,h1tZDqJJvkWdYdYVSYZSWw,wXAir_SbY0eRABmtlEcktQ,,,,0
2026-09-04,UT,Bingham,Cedar Valley,4,0,0,0,contest-box,https://www.maxpreps.com/ut/soccer/girls/match/bingham-south-jordan-vs-cedar-valley-eagle-mountain/9-4-2026/?c=1b9c19ac-a43f-46f1-8dd8-80e863ed2062,1b9c19ac-a43f-46f1-8dd8-80e863ed2062,wDhzNoTXLkmoVMBs_GRHwQ,WlVT69X3b0WPe7a37tOPkA,,,,0
2026-09-04,UT,Deseret Peak,Tooele,2,3,0,0,contest-box,https://www.maxpreps.com/ut/soccer/girls/match/deseret-peak-tooele-vs-tooele/9-4-2026/?c=b6b6ef4f-ec25-40d3-8a43-a6bb66fc3143,b6b6ef4f-ec25-40d3-8a43-a6bb66fc3143,POr_JTykwU-SmHKbACjH2g,DAuMdnY5AUO8s7vtaY8eOQ,,,,0
2026-09-04,UT,Salem Hills,Maple Mountain,0,1,0,0,contest-box,https://www.maxpreps.com/ut/soccer/girls/match/maple-mountain-spanish-fork-vs-salem-hills/9-4-2026/?c=470ed8f4-5386-4282-8a8e-67789c10bb81,470ed8f4-5386-4282-8a8e-67789c10bb81,0qGZxmqQ9EebK3P_H5Hnhg,7LyIC7MdBE2-cpDIW2ubAg,,9,,0
2026-09-04,UT,Sky View,Green Canyon,1,6,0,0,contest-box,https://www.maxpreps.com/ut/soccer/girls/match/green-canyon-wolfpack-north-logan-vs-sky-view-smithfield/9-4-2026/?c=f6e1571f-94f4-4b54-8032-ab5eb1de5d7a,f6e1571f-94f4-4b54-8032-ab5eb1de5d7a,Ads5JSH8vUSLmBdh-YVWTg,gLQMMvp1_UCJpU48fSLqSg,,4,,0
2026-09-08,UT,American Heritage,American Prep WV,15,0,0,0,contest-box,https://www.maxpreps.com/ut/soccer/girls/match/american-heritage-american-fork-vs-american-prep-wv-west-valley-city/9-8-2026/?c=fccfcfc8-0597-4f22-9c90-fcb2cdff6be4,fccfcfc8-0597-4f22-9c90-fcb2cdff6be4,u_AxdR5CJ0CUbWPhzXh-pQ,QfbajoUoqE6KmpaGJKIYxg,,,,0
2026-09-08,UT,Beaver,Grand County,1,4,0,0,contest-box,https://www.maxpreps.com/ut/soccer/girls/match/beaver-vs-grand-county-moab/9-8-2026/?c=bc227386-fbed-4546-9149-b27451e33845,bc227386-fbed-4546-9149-b27451e33845,h0e_0l5RKki2YHjIK42s8Q,GiB8Xpczq0OcdwUsMRpm0Q,,,,0
2026-09-08,UT,Bingham,Riverton,5,0,0,0,contest-box,https://www.maxpreps.com/ut/soccer/girls/match/bingham-south-jordan-vs-riverton/9-8-2026/?c=0b5db728-1b66-489d-92dc-6c4ca387d437,0b5db728-1b66-489d-92dc-6c4ca387d437,wDhzNoTXLkmoVMBs_GRHwQ,A0ehELDkQUqAYDQnLNO9Hg,,,,0
2026-09-08,UT,Box Elder,Fremont,7,1,0,0,contest-box,https://www.maxpreps.com/ut/soccer/girls/match/box-elder-brigham-city-vs-fremont-plain-city/9-8-2026/?c=8a1d4369-e240-4ba5-98df-8ef75035b66b,8a1d4369-e240-4ba5-98df-8ef75035b66b,0SBsTFySgU21WIhalXEU5g,VCdl3-YaU0W-8yHRuLj4bg,15,,,0
2026-09-08,UT,Clearfield,West Field,0,2,0,0,contest-box,https://www.maxpreps.com/ut/soccer/girls/match/clearfield-vs-west-field-taylor/9-8-2026/?c=95adc8ee-1663-4848-a3f0-45e5c306ab06,95adc8ee-1663-4848-a3f0-45e5c306ab06,szv6Ia2yJ0GYwLahjBqswA,J4BV14XsU0mbm_lDh2kzHw,,,,0
2026-09-08,UT,Cottonwood,Juan Diego Catholic,0,5,0,0,contest-box,https://www.maxpreps.com/ut/soccer/girls/match/cottonwood-salt-lake-city-vs-juan-diego-catholic-draper/9-8-2026/?c=9b406e4c-7887-4622-8d65-3c8fb1d6d514,9b406e4c-7887-4622-8d65-3c8fb1d6d514,5005CJLWE0yYhDV6yknTfA,rUZA3kk53ESdn4Gr2gfpeA,,,,0
2026-09-08,UT,Crimson Cliffs,Snow Canyon,2,0,0,0,contest-box,https://www.maxpreps.com/ut/soccer/girls/match/crimson-cliffs-washington-vs-snow-canyon-st-george/9-8-2026/?c=20aa95ca-324c-4589-bfd5-e9387d95aed1,20aa95ca-324c-4589-bfd5-e9387d95aed1,Yr4Go1Cbi0yI68nKGZ42Uw,Pd0LBY79vkOqJVvNCMHVfQ,3,25,,0
2026-09-08,UT,Deer Creek,Wasatch,0,5,0,0,contest-box,https://www.maxpreps.com/ut/soccer/girls/match/deer-creek-heber-city-vs-wasatch-heber-city/9-8-2026/?c=095dd940-1cf9-486a-84ff-e70be43c3bad,095dd940-1cf9-486a-84ff-e70be43c3bad,e-jFFn_fNkK1b503lTHGQQ,p5TM_kxq9kWfUzREg1kDzg,,13,,0
2026-09-08,UT,Dixie,Canyon View,1,0,0,0,contest-box,https://www.maxpreps.com/ut/soccer/girls/match/canyon-view-cedar-city-vs-dixie-st-george/9-8-2026/?c=a8ed6697-973a-416a-90bf-eadd403bb582,a8ed6697-973a-416a-90bf-eadd403bb582,SByCRbMV5k2Eu2sWwFKK3A,pKaA2FCaWE2UytvY8keBbQ,,,,0
2026-09-08,UT,Draper APA,North Summit,2,2,0,0,contest-box,https://www.maxpreps.com/ut/soccer/girls/match/draper-apa-vs-north-summit-coalville/9-8-2026/?c=127ec4fc-0686-41bd-8ac4-aea9b0f19218,127ec4fc-0686-41bd-8ac4-aea9b0f19218,w-XMMLAxU0S0iUqhvxjCDQ,Uh4QQ75ciE65D9KoAS0bGA,,,home,0
2026-09-08,UT,Grantsville,Logan,1,2,0,0,contest-box,https://www.maxpreps.com/ut/soccer/girls/match/grantsville-vs-logan/9-8-2026/?c=b064f247-4ed9-4628-9077-b6b25d279ddf,b064f247-4ed9-4628-9077-b6b25d279ddf,oRzWdW4T806uW6T6lZEj8A,WjLZnjAXY0G52j7wK2anow,,,,0
2026-09-08,UT,Herriman,Copper Hills,3,2,0,0,contest-box,https://www.maxpreps.com/ut/soccer/girls/match/copper-hills-west-jordan-vs-herriman-west-herriman/9-8-2026/?c=a12c8249-4dad-4d3d-97ef-52221ea633e5,a12c8249-4dad-4d3d-97ef-52221ea633e5,wXAir_SbY0eRABmtlEcktQ,dz5TL8IJY0OLcjEyFH2sVQ,,,,0
2026-09-08,UT,Hillcrest,Kearns,3,2,0,0,contest-box,https://www.maxpreps.com/ut/soccer/girls/match/hillcrest-midvale-vs-kearns/9-8-2026/?c=d3a11061-1bdf-414a-af18-60a2f2660ab7,d3a11061-1bdf-414a-af18-60a2f2660ab7,gtdtvRkPcE2cO8-2VCtkig,tif4SSihfE-eTHeOjNgcqw,,,,0
2026-09-08,UT,Hunter,Taylorsville,1,2,0,0,contest-box,https://www.maxpreps.com/ut/soccer/girls/match/hunter-west-valley-city-vs-taylorsville/9-8-2026/?c=4e420921-b76e-408a-986d-c11af7ed7435,4e420921-b76e-408a-986d-c11af7ed7435,wbAV7pAD4UiLfonNnDT19w,F_Mxeo3mH0CvCCVRj4PJPA,,,,0
2026-09-08,UT,Hurricane,Cedar,0,1,0,0,contest-box,https://www.maxpreps.com/ut/soccer/girls/match/cedar-cedar-city-vs-hurricane/9-8-2026/?c=5796c67d-d84a-4285-9c29-49203df1d368,5796c67d-d84a-4285-9c29-49203df1d368,wZ-UCnEcOE6HRic5HUnC2A,epqAqJIXWU6BFUbmpp69ig,,,,0
2026-09-08,UT,Jordan,Judge Memorial Catholic,4,7,0,0,contest-box,https://www.maxpreps.com/ut/soccer/girls/match/jordan-sandy-vs-judge-memorial-catholic-salt-lake-city/9-8-2026/?c=5b20e96d-99b6-4f56-9d9e-a94b9b75c478,5b20e96d-99b6-4f56-9d9e-a94b9b75c478,5U7a5pYpeEyNewmUbeHelg,tv2UWXQ6UUydRA7utC1O4Q,,,,0
2026-09-08,UT,Maple Mountain,Pleasant Grove,2,0,0,0,contest-box,https://www.maxpreps.com/ut/soccer/girls/match/maple-mountain-spanish-fork-vs-pleasant-grove/9-8-2026/?c=2a09bc3f-cbb1-47a4-8bdc-3d3f1f15c0d8,2a09bc3f-cbb1-47a4-8bdc-3d3f1f15c0d8,7LyIC7MdBE2-cpDIW2ubAg,oFlF5I7CckK4gEE8o0M-qQ,9,19,,0
2026-09-08,UT,Mountain Ridge,Cedar Valley,3,0,0,0,contest-box,https://www.maxpreps.com/ut/soccer/girls/match/cedar-valley-eagle-mountain-vs-mountain-ridge-herriman/9-8-2026/?c=d2fff8ec-1742-4929-b309-1573182bb3b0,d2fff8ec-1742-4929-b309-1573182bb3b0,ljgQY2ykzkeLXP5Uw6rUlA,WlVT69X3b0WPe7a37tOPkA,,,,0
2026-09-08,UT,Mountain View,Uintah,3,0,0,0,contest-box,https://www.maxpreps.com/ut/soccer/girls/match/mountain-view-orem-vs-uintah-vernal/9-8-2026/?c=a363d5f9-2fca-464e-ab78-984d74445711,a363d5f9-2fca-464e-ab78-984d74445711,1p0RST-Bh0ad4pNn-2kTnQ,A-vGTJ5dyEq97LSJmRt2ww,14,,,0
2026-09-08,UT,Murray,Highland,1,3,0,0,contest-box,https://www.maxpreps.com/ut/soccer/girls/match/highland-salt-lake-city-vs-murray/9-8-2026/?c=36835af4-6197-40e1-8083-be7c39ed4af9,36835af4-6197-40e1-8083-be7c39ed4af9,6ZoPz6Kv90iP3duo40HrZA,n7DWjEgWxU-uxmTKUl-ieg,,,,0
2026-09-08,UT,Northridge,Bonneville,1,0,0,0,contest-box,https://www.maxpreps.com/ut/soccer/girls/match/bonneville-washington-terrace-vs-northridge-layton/9-8-2026/?c=ef6a98ad-38e7-4894-84bd-28d00b29ed26,ef6a98ad-38e7-4894-84bd-28d00b29ed26,8aU3aN5kiEyMyiHI36acgQ,A5FbmWmy1kCQbK_104f4xw,,24,,0
2026-09-08,UT,Ogden,Morgan,3,1,0,0,contest-box,https://www.maxpreps.com/ut/soccer/girls/match/morgan-vs-ogden/9-8-2026/?c=b937617c-adce-4a6c-b8f0-854e503e4ebf,b937617c-adce-4a6c-b8f0-854e503e4ebf,uQRraPnHgUWU_D4qRt5R6A,eJHY5fS2DE6RSrs2YUK4vw,,,,0
2026-09-08,UT,Olympus,Bountiful,2,3,0,0,contest-box,https://www.maxpreps.com/ut/soccer/girls/match/bountiful-vs-olympus-salt-lake-city/9-8-2026/?c=2e402c5e-f568-40d0-a9aa-b487d92d14d9,2e402c5e-f568-40d0-a9aa-b487d92d14d9,7HjpjwfzpU6GkdCeGFVh_Q,gp9RBPuTDkCfuM7BEb_IzQ,7,6,,0
2026-09-08,UT,Park City,East,4,1,0,0,contest-box,https://www.maxpreps.com/ut/soccer/girls/match/east-salt-lake-city-vs-park-city/9-8-2026/?c=42c3818f-4de3-4f3d-84ec-e9fed2354af6,42c3818f-4de3-4f3d-84ec-e9fed2354af6,ALVZRgM-6UeCwdgAHFA1bw,2C75q91bQE-BvgyPOTV8_w,2,17,,0
2026-09-08,UT,Parowan,Millard,3,6,0,0,contest-box,https://www.maxpreps.com/ut/soccer/girls/match/millard-fillmore-vs-parowan/9-8-2026/?c=fdc4ebc5-ffa5-4273-ac5e-b3eb1f460f08,fdc4ebc5-ffa5-4273-ac5e-b3eb1f460f08,xBgZr-cSTkS0Cwg7HQSmrg,tG05w1fT8EWcQYN2P3gbfA,,,,0
2026-09-08,UT,Payson,Salem Hills,1,1,0,0,contest-box,https://www.maxpreps.com/ut/soccer/girls/match/payson-vs-salem-hills/9-8-2026/?c=3c36663c-3799-430b-966e-2a7e4d9f4127,3c36663c-3799-430b-966e-2a7e4d9f4127,HZOTMPfRb0yQ5UUkcXYQZw,0qGZxmqQ9EebK3P_H5Hnhg,,,away,0
2026-09-08,UT,Pine View,Desert Hills,0,5,0,0,contest-box,https://www.maxpreps.com/ut/soccer/girls/match/desert-hills-st-george-vs-pine-view-st-george/9-8-2026/?c=5e857668-2f69-4469-8ea2-b007a92c882b,5e857668-2f69-4469-8ea2-b007a92c882b,4LMSCP6jxEya7MYQ-odqLQ,aXsjChoH6Eaq8uFvvNvkvA,,23,,0
2026-09-08,UT,Providence Hall,Richfield,0,8,0,0,contest-box,https://www.maxpreps.com/ut/soccer/girls/match/providence-hall-herriman-vs-richfield/9-8-2026/?c=0bfe7eb3-563d-47ca-98ed-b8fe68360d28,0bfe7eb3-563d-47ca-98ed-b8fe68360d28,nC5WzLRyyES8OQ9bomMbDQ,EkE7d-kpBkyNzLAyIZ3Ybw,,,,0
2026-09-08,UT,Provo,Orem,0,2,0,0,contest-box,https://www.maxpreps.com/ut/soccer/girls/match/orem-vs-provo/9-8-2026/?c=11af6d13-d7ee-4874-b5aa-fd7799ae6c83,11af6d13-d7ee-4874-b5aa-fd7799ae6c83,tHi7es56h0WUF4-rafUxCA,SoWWbqQ8u0SmsImc-E36PQ,,,,0
2026-09-08,UT,Rowland Hall,American Leadership Academy,2,5,0,0,contest-box,https://www.maxpreps.com/ut/soccer/girls/match/american-leadership-academy-spanish-fork-vs-rowland-hall-salt-lake-city/9-8-2026/?c=df380a94-b465-4660-ad28-7756aece6046,df380a94-b465-4660-ad28-7756aece6046,hT4q4iptykiPRlFSmcfcFA,vamWny48nUyvwGsZjOV7iA,,,,0
2026-09-08,UT,Salt Lake Academy,Westlake,2,3,0,0,contest-box,https://www.maxpreps.com/ut/soccer/girls/match/salt-lake-academy-herriman-vs-westlake-saratoga-springs/9-8-2026/?c=cec51a3b-f190-4ff2-b8e3-28730108901d,cec51a3b-f190-4ff2-b8e3-28730108901d,ULD7YC0by0CENSv4S97SPA,h1tZDqJJvkWdYdYVSYZSWw,,,,0
2026-09-08,UT,Skyline,Brighton,0,5,0,0,contest-box,https://www.maxpreps.com/ut/soccer/girls/match/brighton-salt-lake-city-vs-skyline-salt-lake-city/9-8-2026/?c=2362ad77-e916-4547-b4cb-dbefaa131662,2362ad77-e916-4547-b4cb-dbefaa131662,dHHlIoYsbEmZybAkuFfL4A,d7o70ttTskORC2J1WRlTuQ,,11,,0
2026-09-08,UT,South Sevier,Gunnison Valley,8,5,0,0,contest-box,https://www.maxpreps.com/ut/soccer/girls/match/gunnison-valley-vs-south-sevier-monroe/9-8-2026/?c=00619ae6-709e-4715-a4f4-b14bdaa1e78e,00619ae6-709e-4715-a4f4-b14bdaa1e78e,Jur801Co7Ua6fnty0xbW3w,9vXe0yo80Eqv69sZ2zs_ng,,,,0
2026-09-08,UT,South Summit,Maeser Prep Academy,0,5,0,0,contest-box,https://www.maxpreps.com/ut/soccer/girls/match/maeser-prep-academy-lindon-vs-south-summit-kamas/9-8-2026/?c=c40a1524-73d8-459e-b858-3c882b2e07e4,c40a1524-73d8-459e-b858-3c882b2e07e4,Me75bEeZiEKNebC6Fz3aBw,gLZnKJDlyE2I_Bh44UeetA,,,,0
2026-09-08,UT,Summit Academy,Timpanogos,0,8,0,0,contest-box,https://www.maxpreps.com/ut/soccer/girls/match/summit-academy-bluffdale-vs-timpanogos-orem/9-8-2026/?c=9a5b8a59-9004-4f36-a164-8689b051143e,9a5b8a59-9004-4f36-a164-8689b051143e,8q3vmVwvAkeHeTPVEoL7DA,6hy10Uri6U2qCRt8vHtDUA,,,,0
2026-09-08,UT,Timpview,Springville,3,3,0,0,contest-box,https://www.maxpreps.com/ut/soccer/girls/match/springville-vs-timpview-provo/9-8-2026/?c=4f20d4db-bae6-44df-b695-12b2d7347a56,4f20d4db-bae6-44df-b695-12b2d7347a56,szh6QyUMT0y47k3WDJY0kA,fjvhFKFTk0C2RT-vLhBjFQ,22,,home,0
2026-09-08,UT,UMACW,St. Joseph,0,8,0,0,contest-box,https://www.maxpreps.com/ut/soccer/girls/match/st-joseph-ogden-vs-utah-military-academy-camp-williams-lehi/9-8-2026/?c=72c5e096-5c12-46ef-bdd7-471ff6afa32a,72c5e096-5c12-46ef-bdd7-471ff6afa32a,uqmTTZhXv0eLmYmRyVKpvw,ojCwmUEcV0qyZBT6zyI_Vg,,,,0
2026-09-08,UT,Waterford,UMAHF,11,0,0,0,contest-box,https://www.maxpreps.com/ut/soccer/girls/match/utah-military-academy-hill-field-riverdale-vs-waterford-sandy/9-8-2026/?c=374d85ad-6345-4f02-8448-828b3410ef16,374d85ad-6345-4f02-8448-828b3410ef16,iYScz0lKmUqmVT_al-YcrA,o6eI4jTKeUCG7W8MiBI09Q,,,,0
2026-09-08,UT,West,Granger,2,1,0,0,contest-box,https://www.maxpreps.com/ut/soccer/girls/match/granger-west-valley-city-vs-west-salt-lake-city/9-8-2026/?c=71bcd98b-c6e6-4b1c-9877-ba82dabe19e9,71bcd98b-c6e6-4b1c-9877-ba82dabe19e9,z1E1xxuyd0G6i3NJAqCoIQ,7ItcFlSYIkapzWDQ83q5lA,,,,0
2026-09-08,UT,West Jordan,Cyprus,0,8,0,0,contest-box,https://www.maxpreps.com/ut/soccer/girls/match/cyprus-magna-vs-west-jordan/9-8-2026/?c=bfb61aab-6b33-46b4-a837-ba324613f250,bfb61aab-6b33-46b4-a837-ba324613f250,JPzEnvfpC0ytQInOd7nuLQ,5kaVdvKpJkyz4KyhLAp2JQ,,,,0
2026-09-08,UT,Woods Cross,Alta,2,1,0,0,contest-box,https://www.maxpreps.com/ut/soccer/girls/match/alta-sandy-vs-woods-cross/9-8-2026/?c=cb22987a-cc07-4cff-8ba0-bf25bde5bf81,cb22987a-cc07-4cff-8ba0-bf25bde5bf81,AP9OOlVsw0SpBYPbGVqDgQ,nJDp5m789UihkixEDnDCOQ,,,,0
2026-09-09,UT,Deseret Peak,Bear River,1,5,0,0,contest-box,https://www.maxpreps.com/ut/soccer/girls/match/bear-river-garland-vs-deseret-peak-tooele/9-9-2026/?c=fbf76142-55b0-488f-92e7-7082370c6db3,fbf76142-55b0-488f-92e7-7082370c6db3,POr_JTykwU-SmHKbACjH2g,NGgliQsUlUezFT0g_n92Qg,,,,0
2026-09-09,UT,Stansbury,Ridgeline,1,2,0,0,contest-box,https://www.maxpreps.com/ut/soccer/girls/match/ridgeline-millville-vs-stansbury-stansbury-park/9-9-2026/?c=22b6fa83-6ed6-4589-bfeb-431188098a57,22b6fa83-6ed6-4589-bfeb-431188098a57,NhooN9iDeEqgJK6LBqjY1Q,ZdVdGaxSmkmKUW5abKOxYQ,,16,,0
2026-09-09,UT,Tooele,Green Canyon,1,9,0,0,contest-box,https://www.maxpreps.com/ut/soccer/girls/match/green-canyon-wolfpack-north-logan-vs-tooele/9-9-2026/?c=52196fbe-995d-4567-8721-92299c487693,52196fbe-995d-4567-8721-92299c487693,DAuMdnY5AUO8s7vtaY8eOQ,gLQMMvp1_UCJpU48fSLqSg,,4,,0
2026-09-10,UT,American Fork,Lone Peak,0,6,0,0,contest-box,https://www.maxpreps.com/ut/soccer/girls/match/american-fork-vs-lone-peak-highland/9-10-2026/?c=e6931c41-b428-483f-97a5-5f671d2cd781,e6931c41-b428-483f-97a5-5f671d2cd781,saj8sDPEbEOr9lzA2920vQ,Wd-65503zEOodZOL3GB_LQ,8,1,,0
2026-09-10,UT,American Leadership Academy,Draper APA,2,0,0,0,contest-box,https://www.maxpreps.com/ut/soccer/girls/match/american-leadership-academy-spanish-fork-vs-draper-apa/9-10-2026/?c=faaf39a6-16d4-46f2-a76f-7563b12a856e,faaf39a6-16d4-46f2-a76f-7563b12a856e,vamWny48nUyvwGsZjOV7iA,w-XMMLAxU0S0iUqhvxjCDQ,,,,0
2026-09-10,UT,American Prep WV,UMACW,0,5,0,0,contest-box,https://www.maxpreps.com/ut/soccer/girls/match/american-prep-wv-west-valley-city-vs-utah-military-academy-camp-williams-lehi/9-10-2026/?c=d1676579-7a9c-4d0a-96eb-f59280522734,d1676579-7a9c-4d0a-96eb-f59280522734,QfbajoUoqE6KmpaGJKIYxg,uqmTTZhXv0eLmYmRyVKpvw,,,,0
2026-09-10,UT,Beaver,Millard,4,2,0,0,contest-box,https://www.maxpreps.com/ut/soccer/girls/match/beaver-vs-millard-fillmore/9-10-2026/?c=52318e3e-0f7e-416e-9611-f1997d12fc84,52318e3e-0f7e-416e-9611-f1997d12fc84,h0e_0l5RKki2YHjIK42s8Q,tG05w1fT8EWcQYN2P3gbfA,,,,0
2026-09-10,UT,Bonneville,Box Elder,0,1,0,0,contest-box,https://www.maxpreps.com/ut/soccer/girls/match/bonneville-washington-terrace-vs-box-elder-brigham-city/9-10-2026/?c=6c434dcd-8299-44af-b50f-89b3d703bcb7,6c434dcd-8299-44af-b50f-89b3d703bcb7,A5FbmWmy1kCQbK_104f4xw,0SBsTFySgU21WIhalXEU5g,24,15,,0
2026-09-10,UT,Bountiful,Woods Cross,3,0,0,0,contest-box,https://www.maxpreps.com/ut/soccer/girls/match/bountiful-vs-woods-cross/9-10-2026/?c=bbd1b468-8783-48e9-8c00-fa7429ea8068,bbd1b468-8783-48e9-8c00-fa7429ea8068,gp9RBPuTDkCfuM7BEb_IzQ,AP9OOlVsw0SpBYPbGVqDgQ,6,,,0
2026-09-10,UT,Canyon View,Juab,3,0,0,0,contest-box,https://www.maxpreps.com/ut/soccer/girls/match/canyon-view-cedar-city-vs-juab-nephi/9-10-2026/?c=580ad855-2035-4d2c-aba8-f17fab4e8477,580ad855-2035-4d2c-aba8-f17fab4e8477,pKaA2FCaWE2UytvY8keBbQ,dUvS7F01UUindP8SuMI6qg,,,,0
2026-09-10,UT,Cedar,Desert Hills,1,2,0,0,contest-box,https://www.maxpreps.com/ut/soccer/girls/match/cedar-cedar-city-vs-desert-hills-st-george/9-10-2026/?c=fadf2c90-5d4a-4363-bef3-46f8ae50c556,fadf2c90-5d4a-4363-bef3-46f8ae50c556,epqAqJIXWU6BFUbmpp69ig,aXsjChoH6Eaq8uFvvNvkvA,,23,,0
2026-09-10,UT,Cedar Valley,Westlake,1,0,0,0,contest-box,https://www.maxpreps.com/ut/soccer/girls/match/cedar-valley-eagle-mountain-vs-westlake-saratoga-springs/9-10-2026/?c=df93baff-3deb-4eee-9bf3-11577d0a244e,df93baff-3deb-4eee-9bf3-11577d0a244e,WlVT69X3b0WPe7a37tOPkA,h1tZDqJJvkWdYdYVSYZSWw,,,,0
2026-09-10,UT,Corner Canyon,Lehi,0,1,0,0,contest-box,https://www.maxpreps.com/ut/soccer/girls/match/corner-canyon-draper-vs-lehi/9-10-2026/?c=ed4bc36f-1779-42b9-b425-8157fc74b667,ed4bc36f-1779-42b9-b425-8157fc74b667,as5NfsG3mk2VnIks1LIn3w,tRUDUc9j1EKttvW-pMY7rQ,20,21,,0
2026-09-10,UT,Crimson Cliffs,Hurricane,2,0,0,0,contest-box,https://www.maxpreps.com/ut/soccer/girls/match/crimson-cliffs-washington-vs-hurricane/9-10-2026/?c=41c36fe5-6122-4932-85bc-0c4559ac0db3,41c36fe5-6122-4932-85bc-0c4559ac0db3,Yr4Go1Cbi0yI68nKGZ42Uw,wZ-UCnEcOE6HRic5HUnC2A,3,,,0
2026-09-10,UT,Cyprus,West,4,3,0,0,contest-box,https://www.maxpreps.com/ut/soccer/girls/match/cyprus-magna-vs-west-salt-lake-city/9-10-2026/?c=3927d0b9-03f7-47c6-87c4-f0e7fd9a4909,3927d0b9-03f7-47c6-87c4-f0e7fd9a4909,5kaVdvKpJkyz4KyhLAp2JQ,z1E1xxuyd0G6i3NJAqCoIQ,,,,0
2026-09-10,UT,Deer Creek,Mountain View,2,6,0,0,contest-box,https://www.maxpreps.com/ut/soccer/girls/match/deer-creek-heber-city-vs-mountain-view-orem/9-10-2026/?c=791f4c8b-b09e-42a3-bb26-78ffb93267b9,791f4c8b-b09e-42a3-bb26-78ffb93267b9,e-jFFn_fNkK1b503lTHGQQ,1p0RST-Bh0ad4pNn-2kTnQ,,14,,0
2026-09-10,UT,Delta,Providence Hall,8,0,0,0,contest-box,https://www.maxpreps.com/ut/soccer/girls/match/delta-vs-providence-hall-herriman/9-10-2026/?c=5377bdd2-53db-4ce9-92a8-7255b38e8227,5377bdd2-53db-4ce9-92a8-7255b38e8227,2waxi2_uMUmULPI-C4W2rg,nC5WzLRyyES8OQ9bomMbDQ,,,,0
2026-09-10,UT,East,Jordan,3,1,0,0,contest-box,https://www.maxpreps.com/ut/soccer/girls/match/east-salt-lake-city-vs-jordan-sandy/9-10-2026/?c=f0b59dad-2636-4fcd-97ee-4882b6721430,f0b59dad-2636-4fcd-97ee-4882b6721430,2C75q91bQE-BvgyPOTV8_w,5U7a5pYpeEyNewmUbeHelg,17,,,0
2026-09-10,UT,Enterprise,Gunnison Valley,8,0,0,0,contest-box,https://www.maxpreps.com/ut/soccer/girls/match/enterprise-vs-gunnison-valley/9-10-2026/?c=39e75816-4487-4604-943d-e79888a0cec1,39e75816-4487-4604-943d-e79888a0cec1,TMtlPq-joECmYu-slufHKQ,9vXe0yo80Eqv69sZ2zs_ng,,,,0
2026-09-10,UT,Fremont,Clearfield,1,0,0,0,contest-box,https://www.maxpreps.com/ut/soccer/girls/match/clearfield-vs-fremont-plain-city/9-10-2026/?c=82a3685d-1d61-4dba-afe7-80f5ba79a346,82a3685d-1d61-4dba-afe7-80f5ba79a346,VCdl3-YaU0W-8yHRuLj4bg,szv6Ia2yJ0GYwLahjBqswA,,,,0
2026-09-10,UT,Grand County,San Juan,5,1,0,0,contest-box,https://www.maxpreps.com/ut/soccer/girls/match/grand-county-moab-vs-san-juan-blanding/9-10-2026/?c=538dc773-7270-42a0-85f7-a8c85a13c532,538dc773-7270-42a0-85f7-a8c85a13c532,GiB8Xpczq0OcdwUsMRpm0Q,yx311UctvUKv4xx_Cd-dfA,,,,0
2026-09-10,UT,Granger,Taylorsville,2,2,0,0,contest-box,https://www.maxpreps.com/ut/soccer/girls/match/granger-west-valley-city-vs-taylorsville/9-10-2026/?c=2d722ff8-8d0c-4663-92b5-73b573bd0168,2d722ff8-8d0c-4663-92b5-73b573bd0168,7ItcFlSYIkapzWDQ83q5lA,F_Mxeo3mH0CvCCVRj4PJPA,,,away,0
2026-09-10,UT,Herriman,Bingham,2,1,0,0,contest-box,https://www.maxpreps.com/ut/soccer/girls/match/bingham-south-jordan-vs-herriman-west-herriman/9-10-2026/?c=91d8ec03-80f9-4229-85f3-14b08bdbb23f,91d8ec03-80f9-4229-85f3-14b08bdbb23f,wXAir_SbY0eRABmtlEcktQ,wDhzNoTXLkmoVMBs_GRHwQ,,,,0
2026-09-10,UT,Highland,Cottonwood,6,0,0,0,contest-box,https://www.maxpreps.com/ut/soccer/girls/match/cottonwood-salt-lake-city-vs-highland-salt-lake-city/9-10-2026/?c=34fd2664-5265-4dd2-a1d5-434d7eca7b62,34fd2664-5265-4dd2-a1d5-434d7eca7b62,n7DWjEgWxU-uxmTKUl-ieg,5005CJLWE0yYhDV6yknTfA,,,,0
2026-09-10,UT,Hillcrest,Hunter,8,0,0,0,contest-box,https://www.maxpreps.com/ut/soccer/girls/match/hillcrest-midvale-vs-hunter-west-valley-city/9-10-2026/?c=5738bfed-7df3-41c9-ab01-9f945c9297fe,5738bfed-7df3-41c9-ab01-9f945c9297fe,gtdtvRkPcE2cO8-2VCtkig,wbAV7pAD4UiLfonNnDT19w,,,,0
2026-09-10,UT,Judge Memorial Catholic,Murray,5,0,0,0,contest-box,https://www.maxpreps.com/ut/soccer/girls/match/judge-memorial-catholic-salt-lake-city-vs-murray/9-10-2026/?c=bc2d9c36-32fc-4565-a21d-2e39d2402aef,bc2d9c36-32fc-4565-a21d-2e39d2402aef,tv2UWXQ6UUydRA7utC1O4Q,6ZoPz6Kv90iP3duo40HrZA,,,,0
2026-09-10,UT,Layton,Davis,2,3,0,0,contest-box,https://www.maxpreps.com/ut/soccer/girls/match/davis-kaysville-vs-layton/9-10-2026/?c=18d49a6c-b684-4300-9256-1ab5439022a7,18d49a6c-b684-4300-9256-1ab5439022a7,yYV_2EjmEkeUp5LoXBZ9og,umZnjYyiz0-OFLZYQiT9mw,,5,,0
2026-09-10,UT,Manti,North Sanpete,9,1,0,0,contest-box,https://www.maxpreps.com/ut/soccer/girls/match/manti-vs-north-sanpete-mt-pleasant/9-10-2026/?c=6ef6f9d0-64e0-4e75-a009-df84a99bae46,6ef6f9d0-64e0-4e75-a009-df84a99bae46,VolHRBzydEWz9sXwLRnHQQ,VUyQmU-xsEC1C1CBc44gpg,12,,,0
2026-09-10,UT,Maple Mountain,Payson,9,2,0,0,contest-box,https://www.maxpreps.com/ut/soccer/girls/match/maple-mountain-spanish-fork-vs-payson/9-10-2026/?c=f8a65146-92da-46ed-96d9-24cab79b449e,f8a65146-92da-46ed-96d9-24cab79b449e,7LyIC7MdBE2-cpDIW2ubAg,HZOTMPfRb0yQ5UUkcXYQZw,9,,,0
2026-09-10,UT,Morgan,Ben Lomond,8,0,0,0,contest-box,https://www.maxpreps.com/ut/soccer/girls/match/ben-lomond-ogden-vs-morgan/9-10-2026/?c=3f20fb89-ba04-4612-8a71-7b0ebcc26c5d,3f20fb89-ba04-4612-8a71-7b0ebcc26c5d,eJHY5fS2DE6RSrs2YUK4vw,XHyb82zTkEumpkG0wdDiVg,,,,0
2026-09-10,UT,Mountain Ridge,Salt Lake Academy,4,0,0,0,contest-box,https://www.maxpreps.com/ut/soccer/girls/match/mountain-ridge-herriman-vs-salt-lake-academy-herriman/9-10-2026/?c=19de0589-3767-4b1b-82db-f829533dc899,19de0589-3767-4b1b-82db-f829533dc899,ljgQY2ykzkeLXP5Uw6rUlA,ULD7YC0by0CENSv4S97SPA,,,,0
2026-09-10,UT,North Summit,South Summit,1,5,0,0,contest-box,https://www.maxpreps.com/ut/soccer/girls/match/north-summit-coalville-vs-south-summit-kamas/9-10-2026/?c=ab448e6f-a31c-4fd8-88f8-03f433bb06b3,ab448e6f-a31c-4fd8-88f8-03f433bb06b3,Uh4QQ75ciE65D9KoAS0bGA,Me75bEeZiEKNebC6Fz3aBw,,,,0
2026-09-10,UT,Northridge,Roy,6,0,0,0,contest-box,https://www.maxpreps.com/ut/soccer/girls/match/northridge-layton-vs-roy/9-10-2026/?c=fe93327b-cf96-450a-933f-b9045d2d40e4,fe93327b-cf96-450a-933f-b9045d2d40e4,8aU3aN5kiEyMyiHI36acgQ,Ug41sf7tgEGqZrYBNaaKzA,,,,0
2026-09-10,UT,Ogden,Grantsville,7,1,0,0,contest-box,https://www.maxpreps.com/ut/soccer/girls/match/grantsville-vs-ogden/9-10-2026/?c=85ada025-6461-4ec3-a169-e2c95558eea5,85ada025-6461-4ec3-a169-e2c95558eea5,uQRraPnHgUWU_D4qRt5R6A,oRzWdW4T806uW6T6lZEj8A,,,,0
2026-09-10,UT,Olympus,Viewmont,4,2,0,0,contest-box,https://www.maxpreps.com/ut/soccer/girls/match/olympus-salt-lake-city-vs-viewmont-bountiful/9-10-2026/?c=d5446934-7f29-4418-ac8b-e5448bf55307,d5446934-7f29-4418-ac8b-e5448bf55307,7HjpjwfzpU6GkdCeGFVh_Q,Jn4kRvAczUe3Gk02GjwtCQ,7,,,0
2026-09-10,UT,Park City,Juan Diego Catholic,6,0,0,0,contest-box,https://www.maxpreps.com/ut/soccer/girls/match/juan-diego-catholic-draper-vs-park-city/9-10-2026/?c=a640fabc-8dbd-4700-a663-6797500b62c5,a640fabc-8dbd-4700-a663-6797500b62c5,ALVZRgM-6UeCwdgAHFA1bw,rUZA3kk53ESdn4Gr2gfpeA,2,,,0
2026-09-10,UT,Provo,Wasatch,2,1,0,0,contest-box,https://www.maxpreps.com/ut/soccer/girls/match/provo-vs-wasatch-heber-city/9-10-2026/?c=c9f9e6ea-9d89-45d3-9694-1d0e35650e20,c9f9e6ea-9d89-45d3-9694-1d0e35650e20,tHi7es56h0WUF4-rafUxCA,p5TM_kxq9kWfUzREg1kDzg,,13,,0
2026-09-10,UT,Riverton,Copper Hills,1,4,0,0,contest-box,https://www.maxpreps.com/ut/soccer/girls/match/copper-hills-west-jordan-vs-riverton/9-10-2026/?c=31f01d49-8f59-400a-9ff7-f3622432c4f5,31f01d49-8f59-400a-9ff7-f3622432c4f5,A0ehELDkQUqAYDQnLNO9Hg,dz5TL8IJY0OLcjEyFH2sVQ,,,,0
2026-09-10,UT,Rowland Hall,American Heritage,2,6,0,0,contest-box,https://www.maxpreps.com/ut/soccer/girls/match/american-heritage-american-fork-vs-rowland-hall-salt-lake-city/9-10-2026/?c=a075a5cb-79e5-45c2-b180-f01d779f4b86,a075a5cb-79e5-45c2-b180-f01d779f4b86,hT4q4iptykiPRlFSmcfcFA,u_AxdR5CJ0CUbWPhzXh-pQ,,,,0
2026-09-10,UT,Sky View,Mountain Crest,0,3,0,0,contest-box,https://www.maxpreps.com/ut/soccer/girls/match/mountain-crest-hyrum-vs-sky-view-smithfield/9-10-2026/?c=9cf0319e-6fe9-4a73-9efb-f886557f1ab1,9cf0319e-6fe9-4a73-9efb-f886557f1ab1,Ads5JSH8vUSLmBdh-YVWTg,7L0kx5wiBUajGrJLhG15yQ,,,,0
2026-09-10,UT,Skyline,Alta,2,4,0,0,contest-box,https://www.maxpreps.com/ut/soccer/girls/match/alta-sandy-vs-skyline-salt-lake-city/9-10-2026/?c=2aa3e55d-5d14-4404-93ad-e091a5a6781b,2aa3e55d-5d14-4404-93ad-e091a5a6781b,dHHlIoYsbEmZybAkuFfL4A,nJDp5m789UihkixEDnDCOQ,,,,0
2026-09-10,UT,Snow Canyon,Dixie,4,1,0,0,contest-box,https://www.maxpreps.com/ut/soccer/girls/match/dixie-st-george-vs-snow-canyon-st-george/9-10-2026/?c=3d1bac66-c737-4054-bda3-053fa4c1ac65,3d1bac66-c737-4054-bda3-053fa4c1ac65,Pd0LBY79vkOqJVvNCMHVfQ,SByCRbMV5k2Eu2sWwFKK3A,25,,,0
2026-09-10,UT,St. Joseph,Waterford,0,5,0,0,contest-box,https://www.maxpreps.com/ut/soccer/girls/match/st-joseph-ogden-vs-waterford-sandy/9-10-2026/?c=3565f2a5-d668-4d01-ab91-39ed088e3e2a,3565f2a5-d668-4d01-ab91-39ed088e3e2a,ojCwmUEcV0qyZBT6zyI_Vg,iYScz0lKmUqmVT_al-YcrA,,,,0
2026-09-10,UT,Summit Academy,Orem,0,9,0,0,contest-box,https://www.maxpreps.com/ut/soccer/girls/match/orem-vs-summit-academy-bluffdale/9-10-2026/?c=3648647b-e08e-4b77-b71b-bee269b07fc7,3648647b-e08e-4b77-b71b-bee269b07fc7,8q3vmVwvAkeHeTPVEoL7DA,SoWWbqQ8u0SmsImc-E36PQ,,,,0
2026-09-10,UT,Syracuse,West Field,1,0,0,0,contest-box,https://www.maxpreps.com/ut/soccer/girls/match/syracuse-vs-west-field-taylor/9-10-2026/?c=0f06c789-03b9-4479-a907-8ab507181062,0f06c789-03b9-4479-a907-8ab507181062,uA7JayF8AkmMCgHdXNdYaw,J4BV14XsU0mbm_lDh2kzHw,18,,,0
2026-09-10,UT,Timpanogos,Uintah,1,0,0,0,contest-box,https://www.maxpreps.com/ut/soccer/girls/match/timpanogos-orem-vs-uintah-vernal/9-10-2026/?c=5e38c1da-b1b3-4ce7-b54b-d7134189c615,5e38c1da-b1b3-4ce7-b54b-d7134189c615,6hy10Uri6U2qCRt8vHtDUA,A-vGTJ5dyEq97LSJmRt2ww,,,,0
2026-09-10,UT,Timpview,Salem Hills,2,1,0,0,contest-box,https://www.maxpreps.com/ut/soccer/girls/match/salem-hills-vs-timpview-provo/9-10-2026/?c=fb920d8d-afee-4376-b95c-6eda01f7986d,fb920d8d-afee-4376-b95c-6eda01f7986d,szh6QyUMT0y47k3WDJY0kA,0qGZxmqQ9EebK3P_H5Hnhg,22,,,0
2026-09-10,UT,UMAHF,Maeser Prep Academy,0,8,0,0,contest-box,https://www.maxpreps.com/ut/soccer/girls/match/maeser-prep-academy-lindon-vs-utah-military-academy-hill-field-riverdale/9-10-2026/?c=c15c1d5b-4ab2-4c6a-9b94-eb508b6c781a,c15c1d5b-4ab2-4c6a-9b94-eb508b6c781a,o6eI4jTKeUCG7W8MiBI09Q,gLZnKJDlyE2I_Bh44UeetA,,,,0
2026-09-10,UT,Union,Carbon,0,6,0,0,contest-box,https://www.maxpreps.com/ut/soccer/girls/match/carbon-price-vs-union-roosevelt/9-10-2026/?c=18b6d2e5-b591-4a23-a51d-e6dd79dafa28,18b6d2e5-b591-4a23-a51d-e6dd79dafa28,WQTAUXyji06XfVOkLDovwA,gthncdwH2UGfCZTIABdUxQ,,,,0
2026-09-10,UT,Weber,Farmington,1,3,0,0,contest-box,https://www.maxpreps.com/ut/soccer/girls/match/farmington-vs-weber-pleasant-view/9-10-2026/?c=c5013179-c313-4c88-9166-84b133f9d2a5,c5013179-c313-4c88-9166-84b133f9d2a5,hIz6nK0FWkOCWu7w8OFOxw,W5P6ZrIVD0qEpbRC4uHfDg,,10,,0
2026-09-10,UT,West Jordan,Kearns,1,7,0,0,contest-box,https://www.maxpreps.com/ut/soccer/girls/match/kearns-vs-west-jordan/9-10-2026/?c=0a4aae29-c644-44e7-b999-49d02926fd6e,0a4aae29-c644-44e7-b999-49d02926fd6e,JPzEnvfpC0ytQInOd7nuLQ,tif4SSihfE-eTHeOjNgcqw,,,,0
2026-09-11,UT,Spanish Fork,Springville,1,1,0,0,contest-box,https://www.maxpreps.com/ut/soccer/girls/match/spanish-fork-vs-springville/9-11-2026/?c=b726adb0-78eb-4439-b81e-1cc391d22335,b726adb0-78eb-4439-b81e-1cc391d22335,iDNn5k1wEkGUq8u994wbhg,fjvhFKFTk0C2RT-vLhBjFQ,,,home,0
2026-09-12,UT,Richfield,Enterprise,8,1,0,0,contest-box,https://www.maxpreps.com/ut/soccer/girls/match/enterprise-vs-richfield/9-12-2026/?c=2f46f2c8-d147-47b7-bd28-8f5048a594d4,2f46f2c8-d147-47b7-bd28-8f5048a594d4,EkE7d-kpBkyNzLAyIZ3Ybw,TMtlPq-joECmYu-slufHKQ,,,,0
2026-09-14,UT,Cottonwood,Park City,0,8,0,0,contest-box,https://www.maxpreps.com/ut/soccer/girls/match/cottonwood-salt-lake-city-vs-park-city/9-14-2026/?c=d30fe0d9-5f1e-474e-a7a0-2e35d8991a4c,d30fe0d9-5f1e-474e-a7a0-2e35d8991a4c,5005CJLWE0yYhDV6yknTfA,ALVZRgM-6UeCwdgAHFA1bw,,2,,0
2026-09-14,UT,Green Canyon,Bear River,9,0,0,0,contest-box,https://www.maxpreps.com/ut/soccer/girls/match/bear-river-garland-vs-green-canyon-wolfpack-north-logan/9-14-2026/?c=554d0231-d0b2-4599-b520-ffead1eb99a4,554d0231-d0b2-4599-b520-ffead1eb99a4,gLQMMvp1_UCJpU48fSLqSg,NGgliQsUlUezFT0g_n92Qg,4,,,0
2026-09-14,UT,Juan Diego Catholic,Jordan,0,3,0,0,contest-box,https://www.maxpreps.com/ut/soccer/girls/match/jordan-sandy-vs-juan-diego-catholic-draper/9-14-2026/?c=e6324fbc-c315-449e-bb08-ed5b38da5f44,e6324fbc-c315-449e-bb08-ed5b38da5f44,rUZA3kk53ESdn4Gr2gfpeA,5U7a5pYpeEyNewmUbeHelg,,,,0
2026-09-14,UT,Judge Memorial Catholic,Highland,5,2,0,0,contest-box,https://www.maxpreps.com/ut/soccer/girls/match/highland-salt-lake-city-vs-judge-memorial-catholic-salt-lake-city/9-14-2026/?c=b9b73b94-ec03-430d-b148-51cd035e61a1,b9b73b94-ec03-430d-b148-51cd035e61a1,tv2UWXQ6UUydRA7utC1O4Q,n7DWjEgWxU-uxmTKUl-ieg,,,,0
2026-09-14,UT,Murray,East,1,6,0,0,contest-box,https://www.maxpreps.com/ut/soccer/girls/match/east-salt-lake-city-vs-murray/9-14-2026/?c=27526ba4-f426-4787-9c7c-45f1340ca3a3,27526ba4-f426-4787-9c7c-45f1340ca3a3,6ZoPz6Kv90iP3duo40HrZA,2C75q91bQE-BvgyPOTV8_w,,17,,0
2026-09-14,UT,Ridgeline,Tooele,14,0,0,0,contest-box,https://www.maxpreps.com/ut/soccer/girls/match/ridgeline-millville-vs-tooele/9-14-2026/?c=f63644be-3645-44ce-9738-97d215a266dc,f63644be-3645-44ce-9738-97d215a266dc,ZdVdGaxSmkmKUW5abKOxYQ,DAuMdnY5AUO8s7vtaY8eOQ,16,,,0
2026-09-14,UT,Sky View,Deseret Peak,8,0,0,0,contest-box,https://www.maxpreps.com/ut/soccer/girls/match/deseret-peak-tooele-vs-sky-view-smithfield/9-14-2026/?c=f1cd67b9-1fa5-49b9-bd57-d2ce77f297ce,f1cd67b9-1fa5-49b9-bd57-d2ce77f297ce,Ads5JSH8vUSLmBdh-YVWTg,POr_JTykwU-SmHKbACjH2g,,,,0
2026-09-14,UT,South Summit,American Leadership Academy,1,2,0,0,contest-box,https://www.maxpreps.com/ut/soccer/girls/match/american-leadership-academy-spanish-fork-vs-south-summit-kamas/9-14-2026/?c=fb2cff3d-b933-47d1-9feb-b2bf9c596122,fb2cff3d-b933-47d1-9feb-b2bf9c596122,Me75bEeZiEKNebC6Fz3aBw,vamWny48nUyvwGsZjOV7iA,,,,0
2026-09-14,UT,Stansbury,Mountain Crest,3,1,0,0,contest-box,https://www.maxpreps.com/ut/soccer/girls/match/mountain-crest-hyrum-vs-stansbury-stansbury-park/9-14-2026/?c=b3f94f17-3735-4ba1-9962-772061cad412,b3f94f17-3735-4ba1-9962-772061cad412,NhooN9iDeEqgJK6LBqjY1Q,7L0kx5wiBUajGrJLhG15yQ,,,,0
2026-09-15,UT,Alta,Bountiful,3,5,0,0,contest-box,https://www.maxpreps.com/ut/soccer/girls/match/alta-sandy-vs-bountiful/9-15-2026/?c=c2f9acea-6d13-4760-ac99-2973a213e09c,c2f9acea-6d13-4760-ac99-2973a213e09c,nJDp5m789UihkixEDnDCOQ,gp9RBPuTDkCfuM7BEb_IzQ,,6,,0
2026-09-15,UT,American Fork,Corner Canyon,2,0,0,0,contest-box,https://www.maxpreps.com/ut/soccer/girls/match/american-fork-vs-corner-canyon-draper/9-15-2026/?c=837e1577-d83e-4f3c-b297-85fc6e0c1218,837e1577-d83e-4f3c-b297-85fc6e0c1218,saj8sDPEbEOr9lzA2920vQ,as5NfsG3mk2VnIks1LIn3w,8,20,,0
2026-09-15,UT,American Heritage,Waterford,1,2,0,0,contest-box,https://www.maxpreps.com/ut/soccer/girls/match/american-heritage-american-fork-vs-waterford-sandy/9-15-2026/?c=e936c16d-cc3e-4b4e-a3e1-4ccaea026ea2,e936c16d-cc3e-4b4e-a3e1-4ccaea026ea2,u_AxdR5CJ0CUbWPhzXh-pQ,iYScz0lKmUqmVT_al-YcrA,,,,0
2026-09-15,UT,American Leadership Academy,UMAHF,12,0,0,0,contest-box,https://www.maxpreps.com/ut/soccer/girls/match/american-leadership-academy-spanish-fork-vs-utah-military-academy-hill-field-riverdale/9-15-2026/?c=074c96f2-e1e8-48af-9416-39d2e64a0706,074c96f2-e1e8-48af-9416-39d2e64a0706,vamWny48nUyvwGsZjOV7iA,o6eI4jTKeUCG7W8MiBI09Q,,,,0
2026-09-15,UT,American Prep WV,Maeser Prep Academy,0,12,0,0,contest-box,https://www.maxpreps.com/ut/soccer/girls/match/american-prep-wv-west-valley-city-vs-maeser-prep-academy-lindon/9-15-2026/?c=7f8993e7-32a1-4d85-8dd8-77d1e22d28ac,7f8993e7-32a1-4d85-8dd8-77d1e22d28ac,QfbajoUoqE6KmpaGJKIYxg,gLZnKJDlyE2I_Bh44UeetA,,,,0
2026-09-15,UT,Beaver,South Sevier,8,0,0,0,contest-box,https://www.maxpreps.com/ut/soccer/girls/match/beaver-vs-south-sevier-monroe/9-15-2026/?c=6783b966-d1c5-4b5e-b744-f8c194c98603,6783b966-d1c5-4b5e-b744-f8c194c98603,h0e_0l5RKki2YHjIK42s8Q,Jur801Co7Ua6fnty0xbW3w,,,,0
2026-09-15,UT,Ben Lomond,Ogden,0,8,0,0,contest-box,https://www.maxpreps.com/ut/soccer/girls/match/ben-lomond-ogden-vs-ogden/9-15-2026/?c=c78dba05-6c92-477d-a9ef-276636d291cb,c78dba05-6c92-477d-a9ef-276636d291cb,XHyb82zTkEumpkG0wdDiVg,uQRraPnHgUWU_D4qRt5R6A,,,,0
2026-09-15,UT,Bingham,Mountain Ridge,0,2,0,0,contest-box,https://www.maxpreps.com/ut/soccer/girls/match/bingham-south-jordan-vs-mountain-ridge-herriman/9-15-2026/?c=77279270-7b28-4e8e-beb6-b8d203f2607b,77279270-7b28-4e8e-beb6-b8d203f2607b,wDhzNoTXLkmoVMBs_GRHwQ,ljgQY2ykzkeLXP5Uw6rUlA,,,,0
2026-09-15,UT,Box Elder,Roy,6,0,0,0,contest-box,https://www.maxpreps.com/ut/soccer/girls/match/box-elder-brigham-city-vs-roy/9-15-2026/?c=1023bb0d-84e6-4e28-bcc8-d037fbbe4654,1023bb0d-84e6-4e28-bcc8-d037fbbe4654,0SBsTFySgU21WIhalXEU5g,Ug41sf7tgEGqZrYBNaaKzA,15,,,0
2026-09-15,UT,Brighton,Olympus,2,1,0,0,contest-box,https://www.maxpreps.com/ut/soccer/girls/match/brighton-salt-lake-city-vs-olympus-salt-lake-city/9-15-2026/?c=11c53e6c-909f-4cb5-bd1d-c7b574e0c7aa,11c53e6c-909f-4cb5-bd1d-c7b574e0c7aa,d7o70ttTskORC2J1WRlTuQ,7HjpjwfzpU6GkdCeGFVh_Q,11,7,,0
2026-09-15,UT,Canyon View,Richfield,2,0,0,0,contest-box,https://www.maxpreps.com/ut/soccer/girls/match/canyon-view-cedar-city-vs-richfield/9-15-2026/?c=89770049-6696-4a0a-aee5-ed9b3c82c34d,89770049-6696-4a0a-aee5-ed9b3c82c34d,pKaA2FCaWE2UytvY8keBbQ,EkE7d-kpBkyNzLAyIZ3Ybw,,,,0
2026-09-15,UT,Carbon,Delta,8,0,0,0,contest-box,https://www.maxpreps.com/ut/soccer/girls/match/carbon-price-vs-delta/9-15-2026/?c=d53ea3d8-94ac-4ce8-b289-e39ec75ca9d6,d53ea3d8-94ac-4ce8-b289-e39ec75ca9d6,gthncdwH2UGfCZTIABdUxQ,2waxi2_uMUmULPI-C4W2rg,,,,0
2026-09-15,UT,Copper Hills,Westlake,8,0,0,0,contest-box,https://www.maxpreps.com/ut/soccer/girls/match/copper-hills-west-jordan-vs-westlake-saratoga-springs/9-15-2026/?c=76d4f952-f641-4aea-8b88-f6a72519a099,76d4f952-f641-4aea-8b88-f6a72519a099,dz5TL8IJY0OLcjEyFH2sVQ,h1tZDqJJvkWdYdYVSYZSWw,,,,0
2026-09-15,UT,Crimson Cliffs,Pine View,6,1,0,0,contest-box,https://www.maxpreps.com/ut/soccer/girls/match/crimson-cliffs-washington-vs-pine-view-st-george/9-15-2026/?c=babd2551-4e82-480d-9e49-4913470a37ad,babd2551-4e82-480d-9e49-4913470a37ad,Yr4Go1Cbi0yI68nKGZ42Uw,4LMSCP6jxEya7MYQ-odqLQ,3,,,0
2026-09-15,UT,Cyprus,Granger,0,0,0,0,contest-box,https://www.maxpreps.com/ut/soccer/girls/match/cyprus-magna-vs-granger-west-valley-city/9-15-2026/?c=9c38af4c-053a-40aa-85e9-3e629a8e01a7,9c38af4c-053a-40aa-85e9-3e629a8e01a7,5kaVdvKpJkyz4KyhLAp2JQ,7ItcFlSYIkapzWDQ83q5lA,,,home,0
2026-09-15,UT,Davis,Weber,4,1,0,0,contest-box,https://www.maxpreps.com/ut/soccer/girls/match/davis-kaysville-vs-weber-pleasant-view/9-15-2026/?c=9a96fa3d-003b-42c9-b7d8-94495a716eb6,9a96fa3d-003b-42c9-b7d8-94495a716eb6,umZnjYyiz0-OFLZYQiT9mw,hIz6nK0FWkOCWu7w8OFOxw,5,,,0
2026-09-15,UT,Deer Creek,Timpanogos,1,2,0,0,contest-box,https://www.maxpreps.com/ut/soccer/girls/match/deer-creek-heber-city-vs-timpanogos-orem/9-15-2026/?c=8ac170f8-8503-476b-b018-4219805b4c17,8ac170f8-8503-476b-b018-4219805b4c17,e-jFFn_fNkK1b503lTHGQQ,6hy10Uri6U2qCRt8vHtDUA,,,,0
2026-09-15,UT,Desert Hills,Hurricane,4,0,0,0,contest-box,https://www.maxpreps.com/ut/soccer/girls/match/desert-hills-st-george-vs-hurricane/9-15-2026/?c=34a9506f-1d45-4daf-a08e-3e70b509f62e,34a9506f-1d45-4daf-a08e-3e70b509f62e,aXsjChoH6Eaq8uFvvNvkvA,wZ-UCnEcOE6HRic5HUnC2A,23,,,0
2026-09-15,UT,Dixie,Cedar,0,3,0,0,contest-box,https://www.maxpreps.com/ut/soccer/girls/match/cedar-cedar-city-vs-dixie-st-george/9-15-2026/?c=2256c08c-367c-48f7-8d57-e295fceb6b04,2256c08c-367c-48f7-8d57-e295fceb6b04,SByCRbMV5k2Eu2sWwFKK3A,epqAqJIXWU6BFUbmpp69ig,,,,0
2026-09-15,UT,Draper APA,South Summit,1,4,0,0,contest-box,https://www.maxpreps.com/ut/soccer/girls/match/draper-apa-vs-south-summit-kamas/9-15-2026/?c=4cf7d550-11f0-45c7-b5e1-fb0574ee0c72,4cf7d550-11f0-45c7-b5e1-fb0574ee0c72,w-XMMLAxU0S0iUqhvxjCDQ,Me75bEeZiEKNebC6Fz3aBw,,,,0
2026-09-15,UT,Emery,Manti,0,7,0,0,contest-box,https://www.maxpreps.com/ut/soccer/girls/match/emery-castle-dale-vs-manti/9-15-2026/?c=7baff0a5-c59d-4d73-bbb0-d9f8872f236d,7baff0a5-c59d-4d73-bbb0-d9f8872f236d,Bos_J2uWu0KpBMuw8n3XvA,VolHRBzydEWz9sXwLRnHQQ,,12,,0
2026-09-15,UT,Grand County,Gunnison Valley,9,1,0,0,contest-box,https://www.maxpreps.com/ut/soccer/girls/match/grand-county-moab-vs-gunnison-valley/9-15-2026/?c=5cde8b65-d429-4d9b-8a8f-8eb3fd84a436,5cde8b65-d429-4d9b-8a8f-8eb3fd84a436,GiB8Xpczq0OcdwUsMRpm0Q,9vXe0yo80Eqv69sZ2zs_ng,,,,0
2026-09-15,UT,Hunter,West Jordan,1,2,0,0,contest-box,https://www.maxpreps.com/ut/soccer/girls/match/hunter-west-valley-city-vs-west-jordan/9-15-2026/?c=69c03cf3-4a4c-4bc4-a9b1-777b07c812bc,69c03cf3-4a4c-4bc4-a9b1-777b07c812bc,wbAV7pAD4UiLfonNnDT19w,JPzEnvfpC0ytQInOd7nuLQ,,,,0
2026-09-15,UT,Kearns,West,2,0,0,0,contest-box,https://www.maxpreps.com/ut/soccer/girls/match/kearns-vs-west-salt-lake-city/9-15-2026/?c=26953ce6-bf27-4d66-9eb0-1cbc41defb7a,26953ce6-bf27-4d66-9eb0-1cbc41defb7a,tif4SSihfE-eTHeOjNgcqw,z1E1xxuyd0G6i3NJAqCoIQ,,,,0
2026-09-15,UT,Logan,Morgan,1,6,0,0,contest-box,https://www.maxpreps.com/ut/soccer/girls/match/logan-vs-morgan/9-15-2026/?c=d0ebb258-375d-49f5-b637-a95d972d129d,d0ebb258-375d-49f5-b637-a95d972d129d,WjLZnjAXY0G52j7wK2anow,eJHY5fS2DE6RSrs2YUK4vw,,,,0
2026-09-15,UT,Millard,Enterprise,1,0,0,0,contest-box,https://www.maxpreps.com/ut/soccer/girls/match/enterprise-vs-millard-fillmore/9-15-2026/?c=8d42bf32-f061-4fcd-bc7e-e2e785140e07,8d42bf32-f061-4fcd-bc7e-e2e785140e07,tG05w1fT8EWcQYN2P3gbfA,TMtlPq-joECmYu-slufHKQ,,,,0
2026-09-15,UT,North Sanpete,Union,1,0,0,0,contest-box,https://www.maxpreps.com/ut/soccer/girls/match/north-sanpete-mt-pleasant-vs-union-roosevelt/9-15-2026/?c=56b5580a-54df-4680-9aa4-531cbeaccfa8,56b5580a-54df-4680-9aa4-531cbeaccfa8,VUyQmU-xsEC1C1CBc44gpg,WQTAUXyji06XfVOkLDovwA,,,,0
2026-09-15,UT,North Summit,St. Joseph,0,5,0,0,contest-box,https://www.maxpreps.com/ut/soccer/girls/match/north-summit-coalville-vs-st-joseph-ogden/9-15-2026/?c=fab8d6e4-62ac-4d29-a952-a6958912a783,fab8d6e4-62ac-4d29-a952-a6958912a783,Uh4QQ75ciE65D9KoAS0bGA,ojCwmUEcV0qyZBT6zyI_Vg,,,,0
2026-09-15,UT,Northridge,Fremont,0,1,0,0,contest-box,https://www.maxpreps.com/ut/soccer/girls/match/fremont-plain-city-vs-northridge-layton/9-15-2026/?c=3a41807c-d74c-4af5-8604-4d47dad60484,3a41807c-d74c-4af5-8604-4d47dad60484,8aU3aN5kiEyMyiHI36acgQ,VCdl3-YaU0W-8yHRuLj4bg,,,,0
2026-09-15,UT,Payson,Timpview,0,7,0,0,contest-box,https://www.maxpreps.com/ut/soccer/girls/match/payson-vs-timpview-provo/9-15-2026/?c=5bd067d6-850c-4193-a1ef-d43e6c6399e8,5bd067d6-850c-4193-a1ef-d43e6c6399e8,HZOTMPfRb0yQ5UUkcXYQZw,szh6QyUMT0y47k3WDJY0kA,,22,,0
2026-09-15,UT,Providence Hall,Juab,0,4,0,0,contest-box,https://www.maxpreps.com/ut/soccer/girls/match/juab-nephi-vs-providence-hall-herriman/9-15-2026/?c=667bc96e-043f-4bd8-acc7-cfcdd3bac22c,667bc96e-043f-4bd8-acc7-cfcdd3bac22c,nC5WzLRyyES8OQ9bomMbDQ,dUvS7F01UUindP8SuMI6qg,,,,0
2026-09-15,UT,Riverton,Cedar Valley,0,0,0,0,contest-box,https://www.maxpreps.com/ut/soccer/girls/match/cedar-valley-eagle-mountain-vs-riverton/9-15-2026/?c=4661a4a6-088d-4bb8-9c9e-ac3839abf31e,4661a4a6-088d-4bb8-9c9e-ac3839abf31e,A0ehELDkQUqAYDQnLNO9Hg,WlVT69X3b0WPe7a37tOPkA,,,home,0
2026-09-15,UT,Rowland Hall,UMACW,8,0,0,0,contest-box,https://www.maxpreps.com/ut/soccer/girls/match/rowland-hall-salt-lake-city-vs-utah-military-academy-camp-williams-lehi/9-15-2026/?c=f990ccdc-b2fe-4042-8ad0-032204ed2f58,f990ccdc-b2fe-4042-8ad0-032204ed2f58,hT4q4iptykiPRlFSmcfcFA,uqmTTZhXv0eLmYmRyVKpvw,,,,0
2026-09-15,UT,Salem Hills,Spanish Fork,1,0,0,0,contest-box,https://www.maxpreps.com/ut/soccer/girls/match/salem-hills-vs-spanish-fork/9-15-2026/?c=f7af52a9-f27e-4220-8d7b-968c043f29eb,f7af52a9-f27e-4220-8d7b-968c043f29eb,0qGZxmqQ9EebK3P_H5Hnhg,iDNn5k1wEkGUq8u994wbhg,,,,0
2026-09-15,UT,Salt Lake Academy,Herriman,0,1,0,0,contest-box,https://www.maxpreps.com/ut/soccer/girls/match/herriman-west-herriman-vs-salt-lake-academy-herriman/9-15-2026/?c=ecad6e4e-9812-417d-85b0-4b115c475253,ecad6e4e-9812-417d-85b0-4b115c475253,ULD7YC0by0CENSv4S97SPA,wXAir_SbY0eRABmtlEcktQ,,,,0
2026-09-15,UT,Skyridge,Lone Peak,2,4,0,0,contest-box,https://www.maxpreps.com/ut/soccer/girls/match/lone-peak-highland-vs-skyridge-lehi/9-15-2026/?c=53121ae1-a31b-4f02-b11f-00f9540a71d4,53121ae1-a31b-4f02-b11f-00f9540a71d4,VwsPSpAaGkyHOF7QvWG_nQ,Wd-65503zEOodZOL3GB_LQ,,1,,0
2026-09-15,UT,Springville,Pleasant Grove,3,1,0,0,contest-box,https://www.maxpreps.com/ut/soccer/girls/match/pleasant-grove-vs-springville/9-15-2026/?c=f58ae6bc-a4d0-4e6e-ba51-95b56c5695c6,f58ae6bc-a4d0-4e6e-ba51-95b56c5695c6,fjvhFKFTk0C2RT-vLhBjFQ,oFlF5I7CckK4gEE8o0M-qQ,,19,,0
2026-09-15,UT,Summit Academy,Provo,0,8,0,0,contest-box,https://www.maxpreps.com/ut/soccer/girls/match/provo-vs-summit-academy-bluffdale/9-15-2026/?c=677a2767-2da4-479b-a81e-56c1e5cfdc95,677a2767-2da4-479b-a81e-56c1e5cfdc95,8q3vmVwvAkeHeTPVEoL7DA,tHi7es56h0WUF4-rafUxCA,,,,0
2026-09-15,UT,Syracuse,Layton,1,2,0,0,contest-box,https://www.maxpreps.com/ut/soccer/girls/match/layton-vs-syracuse/9-15-2026/?c=c136d616-1af3-49ef-9f5b-bfc9910a481d,c136d616-1af3-49ef-9f5b-bfc9910a481d,uA7JayF8AkmMCgHdXNdYaw,yYV_2EjmEkeUp5LoXBZ9og,18,,,0
2026-09-15,UT,Taylorsville,Hillcrest,1,7,0,0,contest-box,https://www.maxpreps.com/ut/soccer/girls/match/hillcrest-midvale-vs-taylorsville/9-15-2026/?c=ea285824-25e3-41a4-821a-4fd0b35918a4,ea285824-25e3-41a4-821a-4fd0b35918a4,F_Mxeo3mH0CvCCVRj4PJPA,gtdtvRkPcE2cO8-2VCtkig,,,,0
2026-09-15,UT,Uintah,Orem,2,0,0,0,contest-box,https://www.maxpreps.com/ut/soccer/girls/match/orem-vs-uintah-vernal/9-15-2026/?c=0825a132-0396-4733-ad10-ebe15b1f0f4b,0825a132-0396-4733-ad10-ebe15b1f0f4b,A-vGTJ5dyEq97LSJmRt2ww,SoWWbqQ8u0SmsImc-E36PQ,,,,0
2026-09-15,UT,Wasatch,Mountain View,2,2,0,0,contest-box,https://www.maxpreps.com/ut/soccer/girls/match/mountain-view-orem-vs-wasatch-heber-city/9-15-2026/?c=fb37166b-59fa-467b-a1af-515aba5f2041,fb37166b-59fa-467b-a1af-515aba5f2041,p5TM_kxq9kWfUzREg1kDzg,1p0RST-Bh0ad4pNn-2kTnQ,13,14,home,0
2026-09-15,UT,West Field,Bonneville,0,1,0,0,contest-box,https://www.maxpreps.com/ut/soccer/girls/match/bonneville-washington-terrace-vs-west-field-taylor/9-15-2026/?c=77038136-bfc9-4701-8e9d-60a6e44d6fcf,77038136-bfc9-4701-8e9d-60a6e44d6fcf,J4BV14XsU0mbm_lDh2kzHw,A5FbmWmy1kCQbK_104f4xw,,24,,0
2026-09-15,UT,Woods Cross,Viewmont,0,2,0,0,contest-box,https://www.maxpreps.com/ut/soccer/girls/match/viewmont-bountiful-vs-woods-cross/9-15-2026/?c=5f95a44c-7a7d-4f34-8813-82d274ed5565,5f95a44c-7a7d-4f34-8813-82d274ed5565,AP9OOlVsw0SpBYPbGVqDgQ,Jn4kRvAczUe3Gk02GjwtCQ,,,,0
2026-09-16,UT,Bear River,Ridgeline,0,4,0,0,contest-box,https://www.maxpreps.com/ut/soccer/girls/match/bear-river-garland-vs-ridgeline-millville/9-16-2026/?c=6edf2841-b93e-487b-9c21-933da1cca977,6edf2841-b93e-487b-9c21-933da1cca977,NGgliQsUlUezFT0g_n92Qg,ZdVdGaxSmkmKUW5abKOxYQ,,16,,0
2026-09-16,UT,Highland,Jordan,2,0,0,0,contest-box,https://www.maxpreps.com/ut/soccer/girls/match/highland-salt-lake-city-vs-jordan-sandy/9-16-2026/?c=a57ff2f1-62ae-473e-8fc8-696828a25d12,a57ff2f1-62ae-473e-8fc8-696828a25d12,n7DWjEgWxU-uxmTKUl-ieg,5U7a5pYpeEyNewmUbeHelg,,,,0
2026-09-16,UT,Mountain Crest,Tooele,8,0,0,0,contest-box,https://www.maxpreps.com/ut/soccer/girls/match/mountain-crest-hyrum-vs-tooele/9-16-2026/?c=b69f70f6-a3c1-4f8b-9511-6aa40d5a9e61,b69f70f6-a3c1-4f8b-9511-6aa40d5a9e61,7L0kx5wiBUajGrJLhG15yQ,DAuMdnY5AUO8s7vtaY8eOQ,,,,0
2026-09-16,UT,Sky View,Stansbury,1,1,0,0,contest-box,https://www.maxpreps.com/ut/soccer/girls/match/sky-view-smithfield-vs-stansbury-stansbury-park/9-16-2026/?c=7201e7f7-8a79-4d79-a584-bef056789526,7201e7f7-8a79-4d79-a584-bef056789526,Ads5JSH8vUSLmBdh-YVWTg,NhooN9iDeEqgJK6LBqjY1Q,,,home,0
2026-09-17,UT,Alta,Olympus,1,4,0,0,contest-box,https://www.maxpreps.com/ut/soccer/girls/match/alta-sandy-vs-olympus-salt-lake-city/9-17-2026/?c=7048ae35-ea30-4f72-ae77-b5421ae73572,7048ae35-ea30-4f72-ae77-b5421ae73572,nJDp5m789UihkixEDnDCOQ,7HjpjwfzpU6GkdCeGFVh_Q,,7,,0
2026-09-17,UT,American Fork,Lehi,2,1,0,0,contest-box,https://www.maxpreps.com/ut/soccer/girls/match/american-fork-vs-lehi/9-17-2026/?c=842712a2-0b5d-4ee1-afd4-0e51ed6309ca,842712a2-0b5d-4ee1-afd4-0e51ed6309ca,saj8sDPEbEOr9lzA2920vQ,tRUDUc9j1EKttvW-pMY7rQ,8,21,,0
2026-09-17,UT,Ben Lomond,Logan,0,6,0,0,contest-box,https://www.maxpreps.com/ut/soccer/girls/match/ben-lomond-ogden-vs-logan/9-17-2026/?c=374916e1-5fcb-40ad-b6f7-d3c7658ba10c,374916e1-5fcb-40ad-b6f7-d3c7658ba10c,XHyb82zTkEumpkG0wdDiVg,WjLZnjAXY0G52j7wK2anow,,,,0
2026-09-17,UT,Bountiful,Skyline,3,1,0,0,contest-box,https://www.maxpreps.com/ut/soccer/girls/match/bountiful-vs-skyline-salt-lake-city/9-17-2026/?c=fb3ab30b-a2ec-4e69-a8d2-33c7cfa07c5e,fb3ab30b-a2ec-4e69-a8d2-33c7cfa07c5e,gp9RBPuTDkCfuM7BEb_IzQ,dHHlIoYsbEmZybAkuFfL4A,6,,,0
2026-09-17,UT,Brighton,Viewmont,3,1,0,0,contest-box,https://www.maxpreps.com/ut/soccer/girls/match/brighton-salt-lake-city-vs-viewmont-bountiful/9-17-2026/?c=475190dc-7fd3-456c-9a7c-0199726d222a,475190dc-7fd3-456c-9a7c-0199726d222a,d7o70ttTskORC2J1WRlTuQ,Jn4kRvAczUe3Gk02GjwtCQ,11,,,0
2026-09-17,UT,Carbon,North Sanpete,7,1,0,0,contest-box,https://www.maxpreps.com/ut/soccer/girls/match/carbon-price-vs-north-sanpete-mt-pleasant/9-17-2026/?c=8567dbbf-e4c8-4cad-8854-714bf7d24c22,8567dbbf-e4c8-4cad-8854-714bf7d24c22,gthncdwH2UGfCZTIABdUxQ,VUyQmU-xsEC1C1CBc44gpg,,,,0
2026-09-17,UT,Cedar Valley,Salt Lake Academy,2,2,0,0,contest-box,https://www.maxpreps.com/ut/soccer/girls/match/cedar-valley-eagle-mountain-vs-salt-lake-academy-herriman/9-17-2026/?c=953d5167-4df8-4534-bc5c-d928f5cacb8e,953d5167-4df8-4534-bc5c-d928f5cacb8e,WlVT69X3b0WPe7a37tOPkA,ULD7YC0by0CENSv4S97SPA,,,home,0
2026-09-17,UT,Clearfield,Box Elder,0,3,0,0,contest-box,https://www.maxpreps.com/ut/soccer/girls/match/box-elder-brigham-city-vs-clearfield/9-17-2026/?c=34874b7b-8f66-410b-99fc-044adfe86770,34874b7b-8f66-410b-99fc-044adfe86770,szv6Ia2yJ0GYwLahjBqswA,0SBsTFySgU21WIhalXEU5g,,15,,0
2026-09-17,UT,Cyprus,Taylorsville,2,1,0,0,contest-box,https://www.maxpreps.com/ut/soccer/girls/match/cyprus-magna-vs-taylorsville/9-17-2026/?c=8b9c2176-bbf8-409b-a7df-032930174823,8b9c2176-bbf8-409b-a7df-032930174823,5kaVdvKpJkyz4KyhLAp2JQ,F_Mxeo3mH0CvCCVRj4PJPA,,,,0
2026-09-17,UT,Davis,Farmington,2,3,0,0,contest-box,https://www.maxpreps.com/ut/soccer/girls/match/davis-kaysville-vs-farmington/9-17-2026/?c=8ea9773e-a92d-4d46-aeba-2ed969a4b69c,8ea9773e-a92d-4d46-aeba-2ed969a4b69c,umZnjYyiz0-OFLZYQiT9mw,W5P6ZrIVD0qEpbRC4uHfDg,5,10,,0
2026-09-17,UT,Delta,Canyon View,1,2,0,0,contest-box,https://www.maxpreps.com/ut/soccer/girls/match/canyon-view-cedar-city-vs-delta/9-17-2026/?c=549d002b-c97c-4341-8f4a-b08065853d28,549d002b-c97c-4341-8f4a-b08065853d28,2waxi2_uMUmULPI-C4W2rg,pKaA2FCaWE2UytvY8keBbQ,,,,0
2026-09-17,UT,Deseret Peak,Green Canyon,0,10,0,0,contest-box,https://www.maxpreps.com/ut/soccer/girls/match/deseret-peak-tooele-vs-green-canyon-wolfpack-north-logan/9-17-2026/?c=cd4571e8-8b28-405c-a9f0-5bd354d456c4,cd4571e8-8b28-405c-a9f0-5bd354d456c4,POr_JTykwU-SmHKbACjH2g,gLQMMvp1_UCJpU48fSLqSg,,4,,0
2026-09-17,UT,Desert Hills,Crimson Cliffs,1,0,0,0,contest-box,https://www.maxpreps.com/ut/soccer/girls/match/crimson-cliffs-washington-vs-desert-hills-st-george/9-17-2026/?c=736fc674-efbb-45e7-8f23-66bf9b63a105,736fc674-efbb-45e7-8f23-66bf9b63a105,aXsjChoH6Eaq8uFvvNvkvA,Yr4Go1Cbi0yI68nKGZ42Uw,23,3,,0
2026-09-17,UT,Draper APA,Rowland Hall,0,3,0,0,contest-box,https://www.maxpreps.com/ut/soccer/girls/match/draper-apa-vs-rowland-hall-salt-lake-city/9-17-2026/?c=fb19d85b-095f-4373-bead-804d3a693c1e,fb19d85b-095f-4373-bead-804d3a693c1e,w-XMMLAxU0S0iUqhvxjCDQ,hT4q4iptykiPRlFSmcfcFA,,,,0
2026-09-17,UT,East,Juan Diego Catholic,7,0,0,0,contest-box,https://www.maxpreps.com/ut/soccer/girls/match/east-salt-lake-city-vs-juan-diego-catholic-draper/9-17-2026/?c=0bde85e6-b8b3-4f8d-b781-c01ffd82bc14,0bde85e6-b8b3-4f8d-b781-c01ffd82bc14,2C75q91bQE-BvgyPOTV8_w,rUZA3kk53ESdn4Gr2gfpeA,17,,,0
2026-09-17,UT,Granger,Kearns,0,5,0,0,contest-box,https://www.maxpreps.com/ut/soccer/girls/match/granger-west-valley-city-vs-kearns/9-17-2026/?c=aafa80fa-4ca6-4dbe-bfca-6fbcc2040ab0,aafa80fa-4ca6-4dbe-bfca-6fbcc2040ab0,7ItcFlSYIkapzWDQ83q5lA,tif4SSihfE-eTHeOjNgcqw,,,,0
2026-09-17,UT,Herriman,Riverton,7,2,0,0,contest-box,https://www.maxpreps.com/ut/soccer/girls/match/herriman-west-herriman-vs-riverton/9-17-2026/?c=c8bdaf95-b5c4-4951-b989-59b12d84e501,c8bdaf95-b5c4-4951-b989-59b12d84e501,wXAir_SbY0eRABmtlEcktQ,A0ehELDkQUqAYDQnLNO9Hg,,,,0
2026-09-17,UT,Hurricane,Dixie,1,0,0,0,contest-box,https://www.maxpreps.com/ut/soccer/girls/match/dixie-st-george-vs-hurricane/9-17-2026/?c=83597ccb-f6a5-4fc5-8bac-f703ac9ea749,83597ccb-f6a5-4fc5-8bac-f703ac9ea749,wZ-UCnEcOE6HRic5HUnC2A,SByCRbMV5k2Eu2sWwFKK3A,,,,0
2026-09-17,UT,Juab,Richfield,1,2,0,0,contest-box,https://www.maxpreps.com/ut/soccer/girls/match/juab-nephi-vs-richfield/9-17-2026/?c=2f7edb17-43af-4dc8-b3a7-cbc9d3ebe25f,2f7edb17-43af-4dc8-b3a7-cbc9d3ebe25f,dUvS7F01UUindP8SuMI6qg,EkE7d-kpBkyNzLAyIZ3Ybw,,,,0
2026-09-17,UT,Maeser Prep Academy,St. Joseph,3,0,0,0,contest-box,https://www.maxpreps.com/ut/soccer/girls/match/maeser-prep-academy-lindon-vs-st-joseph-ogden/9-17-2026/?c=b00afe56-d4a5-44b4-acca-05dbeddc24d5,b00afe56-d4a5-44b4-acca-05dbeddc24d5,gLZnKJDlyE2I_Bh44UeetA,ojCwmUEcV0qyZBT6zyI_Vg,,,,0
2026-09-17,UT,Millard,Gunnison Valley,7,0,0,0,contest-box,https://www.maxpreps.com/ut/soccer/girls/match/gunnison-valley-vs-millard-fillmore/9-17-2026/?c=3297e464-1d5e-42ea-b5d7-55bb14fb3dcb,3297e464-1d5e-42ea-b5d7-55bb14fb3dcb,tG05w1fT8EWcQYN2P3gbfA,9vXe0yo80Eqv69sZ2zs_ng,,,,0
2026-09-17,UT,Morgan,Grantsville,3,1,0,0,contest-box,https://www.maxpreps.com/ut/soccer/girls/match/grantsville-vs-morgan/9-17-2026/?c=02fc828a-7781-4a5e-9ea9-3971c4bc703f,02fc828a-7781-4a5e-9ea9-3971c4bc703f,eJHY5fS2DE6RSrs2YUK4vw,oRzWdW4T806uW6T6lZEj8A,,,,0
2026-09-17,UT,Murray,Cottonwood,7,0,0,0,contest-box,https://www.maxpreps.com/ut/soccer/girls/match/cottonwood-salt-lake-city-vs-murray/9-17-2026/?c=242fe448-865f-4817-acc6-ebb662dbb256,242fe448-865f-4817-acc6-ebb662dbb256,6ZoPz6Kv90iP3duo40HrZA,5005CJLWE0yYhDV6yknTfA,,,,0
2026-09-17,UT,Orem,Deer Creek,2,3,0,0,contest-box,https://www.maxpreps.com/ut/soccer/girls/match/deer-creek-heber-city-vs-orem/9-17-2026/?c=3c424b3f-6586-4059-8b29-9e2c5943d892,3c424b3f-6586-4059-8b29-9e2c5943d892,SoWWbqQ8u0SmsImc-E36PQ,e-jFFn_fNkK1b503lTHGQQ,,,,0
2026-09-17,UT,Park City,Judge Memorial Catholic,5,1,0,0,contest-box,https://www.maxpreps.com/ut/soccer/girls/match/judge-memorial-catholic-salt-lake-city-vs-park-city/9-17-2026/?c=b0fd77c5-4972-4280-ad74-b0e208801f25,b0fd77c5-4972-4280-ad74-b0e208801f25,ALVZRgM-6UeCwdgAHFA1bw,tv2UWXQ6UUydRA7utC1O4Q,2,,,0
2026-09-17,UT,Pine View,Snow Canyon,2,1,0,0,contest-box,https://www.maxpreps.com/ut/soccer/girls/match/pine-view-st-george-vs-snow-canyon-st-george/9-17-2026/?c=58dac92f-91db-437c-97a6-46bb619cf6c2,58dac92f-91db-437c-97a6-46bb619cf6c2,4LMSCP6jxEya7MYQ-odqLQ,Pd0LBY79vkOqJVvNCMHVfQ,,25,,0
2026-09-17,UT,Provo,Uintah,3,1,0,0,contest-box,https://www.maxpreps.com/ut/soccer/girls/match/provo-vs-uintah-vernal/9-17-2026/?c=c82e9649-2af5-4efa-a458-c8c985c40cc4,c82e9649-2af5-4efa-a458-c8c985c40cc4,tHi7es56h0WUF4-rafUxCA,A-vGTJ5dyEq97LSJmRt2ww,,,,0
2026-09-17,UT,Roy,Bonneville,0,6,0,0,contest-box,https://www.maxpreps.com/ut/soccer/girls/match/bonneville-washington-terrace-vs-roy/9-17-2026/?c=74f62cc8-c022-4106-bfdc-831af6f9e978,74f62cc8-c022-4106-bfdc-831af6f9e978,Ug41sf7tgEGqZrYBNaaKzA,A5FbmWmy1kCQbK_104f4xw,,24,,0
2026-09-17,UT,Salem Hills,Pleasant Grove,1,2,0,0,contest-box,https://www.maxpreps.com/ut/soccer/girls/match/pleasant-grove-vs-salem-hills/9-17-2026/?c=88ac2198-a89e-4b3f-8fce-3410c6417f7a,88ac2198-a89e-4b3f-8fce-3410c6417f7a,0qGZxmqQ9EebK3P_H5Hnhg,oFlF5I7CckK4gEE8o0M-qQ,,19,,0
2026-09-17,UT,San Juan,Beaver,1,2,0,0,contest-box,https://www.maxpreps.com/ut/soccer/girls/match/beaver-vs-san-juan-blanding/9-17-2026/?c=44a77061-97e7-4c94-8364-010968a14c0b,44a77061-97e7-4c94-8364-010968a14c0b,yx311UctvUKv4xx_Cd-dfA,h0e_0l5RKki2YHjIK42s8Q,,,,0
2026-09-17,UT,Skyridge,Corner Canyon,1,2,0,0,contest-box,https://www.maxpreps.com/ut/soccer/girls/match/corner-canyon-draper-vs-skyridge-lehi/9-17-2026/?c=35a4f73d-d70b-4ba8-948d-6eb6010af6f9,35a4f73d-d70b-4ba8-948d-6eb6010af6f9,VwsPSpAaGkyHOF7QvWG_nQ,as5NfsG3mk2VnIks1LIn3w,,20,,0
2026-09-17,UT,South Sevier,Enterprise,0,5,0,0,contest-box,https://www.maxpreps.com/ut/soccer/girls/match/enterprise-vs-south-sevier-monroe/9-17-2026/?c=1ecb7ed1-6471-472c-9a6c-7e9288711f1c,1ecb7ed1-6471-472c-9a6c-7e9288711f1c,Jur801Co7Ua6fnty0xbW3w,TMtlPq-joECmYu-slufHKQ,,,,0
2026-09-17,UT,Summit Academy,Wasatch,0,8,0,0,contest-box,https://www.maxpreps.com/ut/soccer/girls/match/summit-academy-bluffdale-vs-wasatch-heber-city/9-17-2026/?c=59a3a94c-3631-478b-9947-3642e1f39ae7,59a3a94c-3631-478b-9947-3642e1f39ae7,8q3vmVwvAkeHeTPVEoL7DA,p5TM_kxq9kWfUzREg1kDzg,,13,,0
2026-09-17,UT,Syracuse,Weber,0,1,0,0,contest-box,https://www.maxpreps.com/ut/soccer/girls/match/syracuse-vs-weber-pleasant-view/9-17-2026/?c=56159bf8-cb55-4ce9-b508-a8cc7c3908d4,56159bf8-cb55-4ce9-b508-a8cc7c3908d4,uA7JayF8AkmMCgHdXNdYaw,hIz6nK0FWkOCWu7w8OFOxw,18,,,0
2026-09-17,UT,Timpview,Maple Mountain,3,4,0,0,contest-box,https://www.maxpreps.com/ut/soccer/girls/match/maple-mountain-spanish-fork-vs-timpview-provo/9-17-2026/?c=8a1c5211-e4dd-4457-be72-dcc8d843992e,8a1c5211-e4dd-4457-be72-dcc8d843992e,szh6QyUMT0y47k3WDJY0kA,7LyIC7MdBE2-cpDIW2ubAg,22,9,,0
2026-09-17,UT,UMAHF,North Summit,3,2,0,0,contest-box,https://www.maxpreps.com/ut/soccer/girls/match/north-summit-coalville-vs-utah-military-academy-hill-field-riverdale/9-17-2026/?c=09df3e76-ac70-4fbe-ac49-0b37234275bf,09df3e76-ac70-4fbe-ac49-0b37234275bf,o6eI4jTKeUCG7W8MiBI09Q,Uh4QQ75ciE65D9KoAS0bGA,,,,0
2026-09-17,UT,Union,Emery,2,0,0,0,contest-box,https://www.maxpreps.com/ut/soccer/girls/match/emery-castle-dale-vs-union-roosevelt/9-17-2026/?c=69824a2b-70dd-43c8-a28b-9558ea126896,69824a2b-70dd-43c8-a28b-9558ea126896,WQTAUXyji06XfVOkLDovwA,Bos_J2uWu0KpBMuw8n3XvA,,,,0
2026-09-17,UT,Waterford,American Prep WV,1,,0,0,contest-box,https://www.maxpreps.com/ut/soccer/girls/match/american-prep-wv-west-valley-city-vs-waterford-sandy/9-17-2026/?c=6ca5ed31-93c8-4e4b-a954-aa76b8acb52e,6ca5ed31-93c8-4e4b-a954-aa76b8acb52e,iYScz0lKmUqmVT_al-YcrA,QfbajoUoqE6KmpaGJKIYxg,,,,0
2026-09-17,UT,West,Hunter,1,0,0,0,contest-box,https://www.maxpreps.com/ut/soccer/girls/match/hunter-west-valley-city-vs-west-salt-lake-city/9-17-2026/?c=b6552cba-357a-4f3c-9019-bab3ff09a14e,b6552cba-357a-4f3c-9019-bab3ff09a14e,z1E1xxuyd0G6i3NJAqCoIQ,wbAV7pAD4UiLfonNnDT19w,,,,0
2026-09-17,UT,West Jordan,Hillcrest,2,9,0,0,contest-box,https://www.maxpreps.com/ut/soccer/girls/match/hillcrest-midvale-vs-west-jordan/9-17-2026/?c=25671da2-803d-4bae-b12f-0121744f31b2,25671da2-803d-4bae-b12f-0121744f31b2,JPzEnvfpC0ytQInOd7nuLQ,gtdtvRkPcE2cO8-2VCtkig,,,,0
2026-09-17,UT,Westlake,Mountain Ridge,0,1,0,0,contest-box,https://www.maxpreps.com/ut/soccer/girls/match/mountain-ridge-herriman-vs-westlake-saratoga-springs/9-17-2026/?c=05000670-dd1d-4c92-94e8-9fd541fe2bd1,05000670-dd1d-4c92-94e8-9fd541fe2bd1,h1tZDqJJvkWdYdYVSYZSWw,ljgQY2ykzkeLXP5Uw6rUlA,,,,0
2026-09-18,UT,Bingham,Copper Hills,4,6,0,0,contest-box,https://www.maxpreps.com/ut/soccer/girls/match/bingham-south-jordan-vs-copper-hills-west-jordan/9-18-2026/?c=a3d7a0c4-69fd-450b-b589-5f3b60864428,a3d7a0c4-69fd-450b-b589-5f3b60864428,wDhzNoTXLkmoVMBs_GRHwQ,dz5TL8IJY0OLcjEyFH2sVQ,,,,0
2026-09-18,UT,Jordan,Highland,2,3,0,0,contest-box,https://www.maxpreps.com/ut/soccer/girls/match/highland-salt-lake-city-vs-jordan-sandy/9-18-2026/?c=9494e047-0c16-4544-b207-863fdd15dd7e,9494e047-0c16-4544-b207-863fdd15dd7e,5U7a5pYpeEyNewmUbeHelg,n7DWjEgWxU-uxmTKUl-ieg,,,,0
2026-09-18,UT,Mountain View,Timpanogos,2,1,0,0,contest-box,https://www.maxpreps.com/ut/soccer/girls/match/mountain-view-orem-vs-timpanogos-orem/9-18-2026/?c=2966d508-a18d-455f-a1f7-44a93f4114f8,2966d508-a18d-455f-a1f7-44a93f4114f8,1p0RST-Bh0ad4pNn-2kTnQ,6hy10Uri6U2qCRt8vHtDUA,14,,,0
2026-09-18,UT,Northridge,West Field,0,1,0,0,contest-box,https://www.maxpreps.com/ut/soccer/girls/match/northridge-layton-vs-west-field-taylor/9-18-2026/?c=8be79fb7-ee59-4e37-bf32-ef782f02e620,8be79fb7-ee59-4e37-bf32-ef782f02e620,8aU3aN5kiEyMyiHI36acgQ,J4BV14XsU0mbm_lDh2kzHw,,,,0
2026-09-18,UT,Parowan,Grand County,2,6,0,0,contest-box,https://www.maxpreps.com/ut/soccer/girls/match/grand-county-moab-vs-parowan/9-18-2026/?c=8c131f73-7d36-4736-9613-2982b94d587a,8c131f73-7d36-4736-9613-2982b94d587a,xBgZr-cSTkS0Cwg7HQSmrg,GiB8Xpczq0OcdwUsMRpm0Q,,,,0
2026-09-18,UT,Spanish Fork,Payson,2,1,0,0,contest-box,https://www.maxpreps.com/ut/soccer/girls/match/payson-vs-spanish-fork/9-18-2026/?c=6e1eb3bd-5b7a-4f1e-9a59-ac60ed04e765,6e1eb3bd-5b7a-4f1e-9a59-ac60ed04e765,iDNn5k1wEkGUq8u994wbhg,HZOTMPfRb0yQ5UUkcXYQZw,,,,0
2026-09-19,UT,Enterprise,Grand County,1,2,0,0,contest-box,https://www.maxpreps.com/ut/soccer/girls/match/enterprise-vs-grand-county-moab/9-19-2026/?c=d018d1c1-e796-4142-a544-55aae67830ef,d018d1c1-e796-4142-a544-55aae67830ef,TMtlPq-joECmYu-slufHKQ,GiB8Xpczq0OcdwUsMRpm0Q,,,,0
2026-09-21,UT,East,Park City,0,2,0,0,contest-box,https://www.maxpreps.com/ut/soccer/girls/match/east-salt-lake-city-vs-park-city/9-21-2026/?c=0b3beb19-e83d-431f-a10d-1b7483a461f6,0b3beb19-e83d-431f-a10d-1b7483a461f6,2C75q91bQE-BvgyPOTV8_w,ALVZRgM-6UeCwdgAHFA1bw,17,2,,0
2026-09-21,UT,Highland,Murray,2,0,0,0,contest-box,https://www.maxpreps.com/ut/soccer/girls/match/highland-salt-lake-city-vs-murray/9-21-2026/?c=009acea3-02c7-4d50-9051-746da3c8a308,009acea3-02c7-4d50-9051-746da3c8a308,n7DWjEgWxU-uxmTKUl-ieg,6ZoPz6Kv90iP3duo40HrZA,,,,0
2026-09-21,UT,Juan Diego Catholic,Cottonwood,4,0,0,0,contest-box,https://www.maxpreps.com/ut/soccer/girls/match/cottonwood-salt-lake-city-vs-juan-diego-catholic-draper/9-21-2026/?c=3dd80c99-589b-422c-9be8-2332ede6177d,3dd80c99-589b-422c-9be8-2332ede6177d,rUZA3kk53ESdn4Gr2gfpeA,5005CJLWE0yYhDV6yknTfA,,,,0
2026-09-21,UT,Judge Memorial Catholic,Jordan,3,0,0,0,contest-box,https://www.maxpreps.com/ut/soccer/girls/match/jordan-sandy-vs-judge-memorial-catholic-salt-lake-city/9-21-2026/?c=bd25cb6b-6c69-4190-945d-90fe0e7d8518,bd25cb6b-6c69-4190-945d-90fe0e7d8518,tv2UWXQ6UUydRA7utC1O4Q,5U7a5pYpeEyNewmUbeHelg,,,,0
2026-09-21,UT,Mountain Crest,Bear River,9,2,0,0,contest-box,https://www.maxpreps.com/ut/soccer/girls/match/bear-river-garland-vs-mountain-crest-hyrum/9-21-2026/?c=bbb835ca-932e-431f-953a-18ee25dfffe3,bbb835ca-932e-431f-953a-18ee25dfffe3,7L0kx5wiBUajGrJLhG15yQ,NGgliQsUlUezFT0g_n92Qg,,,,0
2026-09-21,UT,North Summit,American Prep WV,8,0,0,0,contest-box,https://www.maxpreps.com/ut/soccer/girls/match/american-prep-wv-west-valley-city-vs-north-summit-coalville/9-21-2026/?c=be68b31d-c479-4ff6-8e80-253e749236c4,be68b31d-c479-4ff6-8e80-253e749236c4,Uh4QQ75ciE65D9KoAS0bGA,QfbajoUoqE6KmpaGJKIYxg,,,,0
2026-09-21,UT,Ridgeline,Green Canyon,3,2,0,0,contest-box,https://www.maxpreps.com/ut/soccer/girls/match/green-canyon-wolfpack-north-logan-vs-ridgeline-millville/9-21-2026/?c=058c6736-830d-47cf-88f0-3c8954ae2119,058c6736-830d-47cf-88f0-3c8954ae2119,ZdVdGaxSmkmKUW5abKOxYQ,gLQMMvp1_UCJpU48fSLqSg,16,4,,0
2026-09-21,UT,Stansbury,Deseret Peak,6,0,0,0,contest-box,https://www.maxpreps.com/ut/soccer/girls/match/deseret-peak-tooele-vs-stansbury-stansbury-park/9-21-2026/?c=7836a3c4-fa68-4b35-ba15-cab1749682da,7836a3c4-fa68-4b35-ba15-cab1749682da,NhooN9iDeEqgJK6LBqjY1Q,POr_JTykwU-SmHKbACjH2g,,,,0
2026-09-21,UT,Tooele,Sky View,1,3,0,0,contest-box,https://www.maxpreps.com/ut/soccer/girls/match/sky-view-smithfield-vs-tooele/9-21-2026/?c=c8919fc2-8f8e-4270-8d73-902b839c53d1,c8919fc2-8f8e-4270-8d73-902b839c53d1,DAuMdnY5AUO8s7vtaY8eOQ,Ads5JSH8vUSLmBdh-YVWTg,,,,0
2026-09-22,UT,American Fork,Skyridge,4,0,0,0,contest-box,https://www.maxpreps.com/ut/soccer/girls/match/american-fork-vs-skyridge-lehi/9-22-2026/?c=3e429134-85a3-4be6-9cab-9514b4ca888a,3e429134-85a3-4be6-9cab-9514b4ca888a,saj8sDPEbEOr9lzA2920vQ,VwsPSpAaGkyHOF7QvWG_nQ,8,,,0
2026-09-22,UT,Beaver,Parowan,2,3,0,0,contest-box,https://www.maxpreps.com/ut/soccer/girls/match/beaver-vs-parowan/9-22-2026/?c=b6f60242-5c10-4cd2-b756-b244125261fe,b6f60242-5c10-4cd2-b756-b244125261fe,h0e_0l5RKki2YHjIK42s8Q,xBgZr-cSTkS0Cwg7HQSmrg,,,,0
2026-09-22,UT,Ben Lomond,Grantsville,0,4,0,0,contest-box,https://www.maxpreps.com/ut/soccer/girls/match/ben-lomond-ogden-vs-grantsville/9-22-2026/?c=5ce8cdb0-382a-4f2c-abed-14c9c037ca34,5ce8cdb0-382a-4f2c-abed-14c9c037ca34,XHyb82zTkEumpkG0wdDiVg,oRzWdW4T806uW6T6lZEj8A,,,,0
2026-09-22,UT,Bonneville,Fremont,2,0,0,0,contest-box,https://www.maxpreps.com/ut/soccer/girls/match/bonneville-washington-terrace-vs-fremont-plain-city/9-22-2026/?c=20fa4382-bc97-485e-a0cf-2ab8abe91421,20fa4382-bc97-485e-a0cf-2ab8abe91421,A5FbmWmy1kCQbK_104f4xw,VCdl3-YaU0W-8yHRuLj4bg,24,,,0
2026-09-22,UT,Brighton,Woods Cross,3,1,0,0,contest-box,https://www.maxpreps.com/ut/soccer/girls/match/brighton-salt-lake-city-vs-woods-cross/9-22-2026/?c=673d807e-7d1f-4d95-a828-5b4bc9480b10,673d807e-7d1f-4d95-a828-5b4bc9480b10,d7o70ttTskORC2J1WRlTuQ,AP9OOlVsw0SpBYPbGVqDgQ,11,,,0
2026-09-22,UT,Canyon View,Providence Hall,9,1,0,0,contest-box,https://www.maxpreps.com/ut/soccer/girls/match/canyon-view-cedar-city-vs-providence-hall-herriman/9-22-2026/?c=e2c7f0da-6a8f-428c-9732-2fd06c6fd7f4,e2c7f0da-6a8f-428c-9732-2fd06c6fd7f4,pKaA2FCaWE2UytvY8keBbQ,nC5WzLRyyES8OQ9bomMbDQ,,,,0
2026-09-22,UT,Carbon,Emery,7,0,0,0,contest-box,https://www.maxpreps.com/ut/soccer/girls/match/carbon-price-vs-emery-castle-dale/9-22-2026/?c=a07a2de7-e68c-4bea-9c15-4a97dce485ee,a07a2de7-e68c-4bea-9c15-4a97dce485ee,gthncdwH2UGfCZTIABdUxQ,Bos_J2uWu0KpBMuw8n3XvA,,,,0
2026-09-22,UT,Clearfield,Northridge,2,1,0,0,contest-box,https://www.maxpreps.com/ut/soccer/girls/match/clearfield-vs-northridge-layton/9-22-2026/?c=1249f753-157d-4167-8324-b02e7e7f63c9,1249f753-157d-4167-8324-b02e7e7f63c9,szv6Ia2yJ0GYwLahjBqswA,8aU3aN5kiEyMyiHI36acgQ,,,,0
2026-09-22,UT,Copper Hills,Cedar Valley,5,4,0,0,contest-box,https://www.maxpreps.com/ut/soccer/girls/match/cedar-valley-eagle-mountain-vs-copper-hills-west-jordan/9-22-2026/?c=dd1efb30-51d4-4db3-b5ea-eb617d316d2b,dd1efb30-51d4-4db3-b5ea-eb617d316d2b,dz5TL8IJY0OLcjEyFH2sVQ,WlVT69X3b0WPe7a37tOPkA,,,,0
2026-09-22,UT,Crimson Cliffs,Cedar,4,0,0,0,contest-box,https://www.maxpreps.com/ut/soccer/girls/match/cedar-cedar-city-vs-crimson-cliffs-washington/9-22-2026/?c=76990c34-9f33-421f-abf4-b18cad9e8d6c,76990c34-9f33-421f-abf4-b18cad9e8d6c,Yr4Go1Cbi0yI68nKGZ42Uw,epqAqJIXWU6BFUbmpp69ig,3,,,0
2026-09-22,UT,Deer Creek,Provo,2,3,0,0,contest-box,https://www.maxpreps.com/ut/soccer/girls/match/deer-creek-heber-city-vs-provo/9-22-2026/?c=8055a75d-76e6-4618-87e2-3d59fce327fb,8055a75d-76e6-4618-87e2-3d59fce327fb,e-jFFn_fNkK1b503lTHGQQ,tHi7es56h0WUF4-rafUxCA,,,,0
2026-09-22,UT,Delta,Richfield,0,8,0,0,contest-box,https://www.maxpreps.com/ut/soccer/girls/match/delta-vs-richfield/9-22-2026/?c=2b60ec7c-8979-4830-9419-8c1c8d87b1db,2b60ec7c-8979-4830-9419-8c1c8d87b1db,2waxi2_uMUmULPI-C4W2rg,EkE7d-kpBkyNzLAyIZ3Ybw,,,,0
2026-09-22,UT,Dixie,Pine View,5,0,0,0,contest-box,https://www.maxpreps.com/ut/soccer/girls/match/dixie-st-george-vs-pine-view-st-george/9-22-2026/?c=40f4f2e3-003a-4426-b0fe-b0bd333b1e29,40f4f2e3-003a-4426-b0fe-b0bd333b1e29,SByCRbMV5k2Eu2sWwFKK3A,4LMSCP6jxEya7MYQ-odqLQ,,,,0
2026-09-22,UT,Farmington,Syracuse,0,2,0,0,contest-box,https://www.maxpreps.com/ut/soccer/girls/match/farmington-vs-syracuse/9-22-2026/?c=22dfd14f-6892-45fe-b91b-a63dc3492c6a,22dfd14f-6892-45fe-b91b-a63dc3492c6a,W5P6ZrIVD0qEpbRC4uHfDg,uA7JayF8AkmMCgHdXNdYaw,10,18,,0
2026-09-22,UT,Gunnison Valley,San Juan,0,3,0,0,contest-box,https://www.maxpreps.com/ut/soccer/girls/match/gunnison-valley-vs-san-juan-blanding/9-22-2026/?c=f5222700-a5e6-4c4d-8ce6-63219a5aa80d,f5222700-a5e6-4c4d-8ce6-63219a5aa80d,9vXe0yo80Eqv69sZ2zs_ng,yx311UctvUKv4xx_Cd-dfA,,,,0
2026-09-22,UT,Hillcrest,West,6,0,0,0,contest-box,https://www.maxpreps.com/ut/soccer/girls/match/hillcrest-midvale-vs-west-salt-lake-city/9-22-2026/?c=19d269ef-024d-4828-938a-d669b08a3534,19d269ef-024d-4828-938a-d669b08a3534,gtdtvRkPcE2cO8-2VCtkig,z1E1xxuyd0G6i3NJAqCoIQ,,,,0
2026-09-22,UT,Hunter,Granger,1,4,0,0,contest-box,https://www.maxpreps.com/ut/soccer/girls/match/granger-west-valley-city-vs-hunter-west-valley-city/9-22-2026/?c=01854306-653a-48b4-8a0f-dd424300b2a6,01854306-653a-48b4-8a0f-dd424300b2a6,wbAV7pAD4UiLfonNnDT19w,7ItcFlSYIkapzWDQ83q5lA,,,,0
2026-09-22,UT,Kearns,Cyprus,3,2,0,0,contest-box,https://www.maxpreps.com/ut/soccer/girls/match/cyprus-magna-vs-kearns/9-22-2026/?c=38038be8-52c8-4fc0-9057-442d839456f3,38038be8-52c8-4fc0-9057-442d839456f3,tif4SSihfE-eTHeOjNgcqw,5kaVdvKpJkyz4KyhLAp2JQ,,,,0
2026-09-22,UT,Lehi,Lone Peak,1,2,0,0,contest-box,https://www.maxpreps.com/ut/soccer/girls/match/lehi-vs-lone-peak-highland/9-22-2026/?c=85f20bc5-653c-4f92-99b8-ae51ae84bbbb,85f20bc5-653c-4f92-99b8-ae51ae84bbbb,tRUDUc9j1EKttvW-pMY7rQ,Wd-65503zEOodZOL3GB_LQ,21,1,,0
2026-09-22,UT,Maeser Prep Academy,American Heritage,4,1,0,0,contest-box,https://www.maxpreps.com/ut/soccer/girls/match/american-heritage-american-fork-vs-maeser-prep-academy-lindon/9-22-2026/?c=2cfacd0d-02de-4ee4-8828-9582ec3383fa,2cfacd0d-02de-4ee4-8828-9582ec3383fa,gLZnKJDlyE2I_Bh44UeetA,u_AxdR5CJ0CUbWPhzXh-pQ,,,,0
2026-09-22,UT,Mountain Ridge,Herriman,1,2,0,0,contest-box,https://www.maxpreps.com/ut/soccer/girls/match/herriman-west-herriman-vs-mountain-ridge-herriman/9-22-2026/?c=04299f52-b1ad-4d35-8d13-c94f015375b2,04299f52-b1ad-4d35-8d13-c94f015375b2,ljgQY2ykzkeLXP5Uw6rUlA,wXAir_SbY0eRABmtlEcktQ,,,,0
2026-09-22,UT,Mountain View,Orem,7,1,0,0,contest-box,https://www.maxpreps.com/ut/soccer/girls/match/mountain-view-orem-vs-orem/9-22-2026/?c=36fc0b58-2678-42e9-b5ea-1e4dc69107c4,36fc0b58-2678-42e9-b5ea-1e4dc69107c4,1p0RST-Bh0ad4pNn-2kTnQ,SoWWbqQ8u0SmsImc-E36PQ,14,,,0
2026-09-22,UT,North Sanpete,Juab,1,2,0,0,contest-box,https://www.maxpreps.com/ut/soccer/girls/match/juab-nephi-vs-north-sanpete-mt-pleasant/9-22-2026/?c=8546f25e-53b5-4144-9d53-799ae0369a7c,8546f25e-53b5-4144-9d53-799ae0369a7c,VUyQmU-xsEC1C1CBc44gpg,dUvS7F01UUindP8SuMI6qg,,,,0
2026-09-22,UT,Ogden,Logan,4,0,0,0,contest-box,https://www.maxpreps.com/ut/soccer/girls/match/logan-vs-ogden/9-22-2026/?c=e95089c3-d284-4484-bcd7-c436d8d665bb,e95089c3-d284-4484-bcd7-c436d8d665bb,uQRraPnHgUWU_D4qRt5R6A,WjLZnjAXY0G52j7wK2anow,,,,0
2026-09-22,UT,Olympus,Skyline,4,0,0,0,contest-box,https://www.maxpreps.com/ut/soccer/girls/match/olympus-salt-lake-city-vs-skyline-salt-lake-city/9-22-2026/?c=2670434b-bbc0-428e-aa44-cc39245221f4,2670434b-bbc0-428e-aa44-cc39245221f4,7HjpjwfzpU6GkdCeGFVh_Q,dHHlIoYsbEmZybAkuFfL4A,7,,,0
2026-09-22,UT,Pleasant Grove,Payson,4,0,0,0,contest-box,https://www.maxpreps.com/ut/soccer/girls/match/payson-vs-pleasant-grove/9-22-2026/?c=3368de75-8f88-468f-86a9-3542e66db4a9,3368de75-8f88-468f-86a9-3542e66db4a9,oFlF5I7CckK4gEE8o0M-qQ,HZOTMPfRb0yQ5UUkcXYQZw,19,,,0
2026-09-22,UT,Riverton,Westlake,1,0,0,0,contest-box,https://www.maxpreps.com/ut/soccer/girls/match/riverton-vs-westlake-saratoga-springs/9-22-2026/?c=79da5218-17f3-4d7e-8c00-410207c0cb83,79da5218-17f3-4d7e-8c00-410207c0cb83,A0ehELDkQUqAYDQnLNO9Hg,h1tZDqJJvkWdYdYVSYZSWw,,,,0
2026-09-22,UT,Salt Lake Academy,Bingham,2,0,0,0,contest-box,https://www.maxpreps.com/ut/soccer/girls/match/bingham-south-jordan-vs-salt-lake-academy-herriman/9-22-2026/?c=9746b0e3-9f4c-4689-add1-8318eff362b8,9746b0e3-9f4c-4689-add1-8318eff362b8,ULD7YC0by0CENSv4S97SPA,wDhzNoTXLkmoVMBs_GRHwQ,,,,0
2026-09-22,UT,Snow Canyon,Hurricane,3,1,0,0,contest-box,https://www.maxpreps.com/ut/soccer/girls/match/hurricane-vs-snow-canyon-st-george/9-22-2026/?c=4d96bc81-80d6-4c75-8563-899a9f7cca6f,4d96bc81-80d6-4c75-8563-899a9f7cca6f,Pd0LBY79vkOqJVvNCMHVfQ,wZ-UCnEcOE6HRic5HUnC2A,25,,,0
2026-09-22,UT,South Sevier,Millard,3,10,0,0,contest-box,https://www.maxpreps.com/ut/soccer/girls/match/millard-fillmore-vs-south-sevier-monroe/9-22-2026/?c=08bd4e6f-440e-4c6b-a7d0-02f0d2c35f2b,08bd4e6f-440e-4c6b-a7d0-02f0d2c35f2b,Jur801Co7Ua6fnty0xbW3w,tG05w1fT8EWcQYN2P3gbfA,,,,0
2026-09-22,UT,South Summit,Rowland Hall,1,2,0,0,contest-box,https://www.maxpreps.com/ut/soccer/girls/match/rowland-hall-salt-lake-city-vs-south-summit-kamas/9-22-2026/?c=b21ebca3-2c6b-49e0-a9a4-2703a9f803f3,b21ebca3-2c6b-49e0-a9a4-2703a9f803f3,Me75bEeZiEKNebC6Fz3aBw,hT4q4iptykiPRlFSmcfcFA,,,,0
2026-09-22,UT,Spanish Fork,Timpview,0,3,0,0,contest-box,https://www.maxpreps.com/ut/soccer/girls/match/spanish-fork-vs-timpview-provo/9-22-2026/?c=3e9900de-22bc-4264-8395-16e96ac8d9c1,3e9900de-22bc-4264-8395-16e96ac8d9c1,iDNn5k1wEkGUq8u994wbhg,szh6QyUMT0y47k3WDJY0kA,,22,,0
2026-09-22,UT,Springville,Maple Mountain,2,1,0,0,contest-box,https://www.maxpreps.com/ut/soccer/girls/match/maple-mountain-spanish-fork-vs-springville/9-22-2026/?c=515a775a-bb77-48f7-8f91-0fa01440373a,515a775a-bb77-48f7-8f91-0fa01440373a,fjvhFKFTk0C2RT-vLhBjFQ,7LyIC7MdBE2-cpDIW2ubAg,,9,,0
2026-09-22,UT,St. Joseph,American Leadership Academy,1,2,0,0,contest-box,https://www.maxpreps.com/ut/soccer/girls/match/american-leadership-academy-spanish-fork-vs-st-joseph-ogden/9-22-2026/?c=caa12466-7351-4696-aaeb-94fb72783fed,caa12466-7351-4696-aaeb-94fb72783fed,ojCwmUEcV0qyZBT6zyI_Vg,vamWny48nUyvwGsZjOV7iA,,,,0
2026-09-22,UT,Taylorsville,West Jordan,6,2,0,0,contest-box,https://www.maxpreps.com/ut/soccer/girls/match/taylorsville-vs-west-jordan/9-22-2026/?c=29d30d5c-faf2-4d78-a756-4868d3756680,29d30d5c-faf2-4d78-a756-4868d3756680,F_Mxeo3mH0CvCCVRj4PJPA,JPzEnvfpC0ytQInOd7nuLQ,,,,0
2026-09-22,UT,Timpanogos,Wasatch,2,3,0,0,contest-box,https://www.maxpreps.com/ut/soccer/girls/match/timpanogos-orem-vs-wasatch-heber-city/9-22-2026/?c=0229fcf0-296d-4f42-b0de-a2492fedea33,0229fcf0-296d-4f42-b0de-a2492fedea33,6hy10Uri6U2qCRt8vHtDUA,p5TM_kxq9kWfUzREg1kDzg,,13,,0
2026-09-22,UT,UMACW,Waterford,0,11,0,0,contest-box,https://www.maxpreps.com/ut/soccer/girls/match/utah-military-academy-camp-williams-lehi-vs-waterford-sandy/9-22-2026/?c=ec8ba127-626d-4d8b-8b5c-031a04910e6c,ec8ba127-626d-4d8b-8b5c-031a04910e6c,uqmTTZhXv0eLmYmRyVKpvw,iYScz0lKmUqmVT_al-YcrA,,,,0
2026-09-22,UT,UMAHF,Draper APA,1,0,0,0,contest-box,https://www.maxpreps.com/ut/soccer/girls/match/draper-apa-vs-utah-military-academy-hill-field-riverdale/9-22-2026/?c=d6e184d9-a6b5-4ab9-a662-5f5899816a4c,d6e184d9-a6b5-4ab9-a662-5f5899816a4c,o6eI4jTKeUCG7W8MiBI09Q,w-XMMLAxU0S0iUqhvxjCDQ,,,,0
2026-09-22,UT,Uintah,Summit Academy,8,0,0,0,contest-box,https://www.maxpreps.com/ut/soccer/girls/match/summit-academy-bluffdale-vs-uintah-vernal/9-22-2026/?c=06fa16b9-eea3-46e7-9171-a8bb4dd6bc47,06fa16b9-eea3-46e7-9171-a8bb4dd6bc47,A-vGTJ5dyEq97LSJmRt2ww,8q3vmVwvAkeHeTPVEoL7DA,,,,0
2026-09-22,UT,Union,Manti,1,4,0,0,contest-box,https://www.maxpreps.com/ut/soccer/girls/match/manti-vs-union-roosevelt/9-22-2026/?c=827e48bc-bfd0-42c0-8856-d614a2c063a7,827e48bc-bfd0-42c0-8856-d614a2c063a7,WQTAUXyji06XfVOkLDovwA,VolHRBzydEWz9sXwLRnHQQ,,12,,0
2026-09-22,UT,Weber,Layton,0,1,0,0,contest-box,https://www.maxpreps.com/ut/soccer/girls/match/layton-vs-weber-pleasant-view/9-22-2026/?c=97cf321f-d671-48e5-a158-1bbc008501f4,97cf321f-d671-48e5-a158-1bbc008501f4,hIz6nK0FWkOCWu7w8OFOxw,yYV_2EjmEkeUp5LoXBZ9og,,,,0
2026-09-22,UT,West Field,Roy,1,0,0,0,contest-box,https://www.maxpreps.com/ut/soccer/girls/match/roy-vs-west-field-taylor/9-22-2026/?c=5b1a206d-34a4-4366-94e4-d23eb48f2c2d,5b1a206d-34a4-4366-94e4-d23eb48f2c2d,J4BV14XsU0mbm_lDh2kzHw,Ug41sf7tgEGqZrYBNaaKzA,,,,0
2026-09-23,UT,Cottonwood,Jordan,0,3,0,0,contest-box,https://www.maxpreps.com/ut/soccer/girls/match/cottonwood-salt-lake-city-vs-jordan-sandy/9-23-2026/?c=c390d09d-2c74-46f6-a3aa-f037e2cb7a63,c390d09d-2c74-46f6-a3aa-f037e2cb7a63,5005CJLWE0yYhDV6yknTfA,5U7a5pYpeEyNewmUbeHelg,,,,0
2026-09-23,UT,Sky View,Bear River,2,1,0,0,contest-box,https://www.maxpreps.com/ut/soccer/girls/match/bear-river-garland-vs-sky-view-smithfield/9-23-2026/?c=975d65a5-2dbe-48b5-8c80-d7fbd3ff4df4,975d65a5-2dbe-48b5-8c80-d7fbd3ff4df4,Ads5JSH8vUSLmBdh-YVWTg,NGgliQsUlUezFT0g_n92Qg,,,,0
2026-09-23,UT,Stansbury,Tooele,10,3,0,0,contest-box,https://www.maxpreps.com/ut/soccer/girls/match/stansbury-stansbury-park-vs-tooele/9-23-2026/?c=af4f6f40-4a2a-4f2d-a3f5-4abc35beb441,af4f6f40-4a2a-4f2d-a3f5-4abc35beb441,NhooN9iDeEqgJK6LBqjY1Q,DAuMdnY5AUO8s7vtaY8eOQ,,,,0
2026-09-24,UT,Alta,Viewmont,1,1,0,0,contest-box,https://www.maxpreps.com/ut/soccer/girls/match/alta-sandy-vs-viewmont-bountiful/9-24-2026/?c=db96f42a-8e27-43cb-a8ec-b993aebab13f,db96f42a-8e27-43cb-a8ec-b993aebab13f,nJDp5m789UihkixEDnDCOQ,Jn4kRvAczUe3Gk02GjwtCQ,,,home,0
2026-09-24,UT,American Heritage,North Summit,8,0,0,0,contest-box,https://www.maxpreps.com/ut/soccer/girls/match/american-heritage-american-fork-vs-north-summit-coalville/9-24-2026/?c=1e6bdcb0-4f75-49d8-9448-4b314c47caa7,1e6bdcb0-4f75-49d8-9448-4b314c47caa7,u_AxdR5CJ0CUbWPhzXh-pQ,Uh4QQ75ciE65D9KoAS0bGA,,,,0
2026-09-24,UT,American Prep WV,American Leadership Academy,0,8,0,0,contest-box,https://www.maxpreps.com/ut/soccer/girls/match/american-leadership-academy-spanish-fork-vs-american-prep-wv-west-valley-city/9-24-2026/?c=3928baa2-3f4a-4827-ad6a-b098b44f86d9,3928baa2-3f4a-4827-ad6a-b098b44f86d9,QfbajoUoqE6KmpaGJKIYxg,vamWny48nUyvwGsZjOV7iA,,,,0
2026-09-24,UT,Bountiful,Brighton,4,0,0,0,contest-box,https://www.maxpreps.com/ut/soccer/girls/match/bountiful-vs-brighton-salt-lake-city/9-24-2026/?c=0a0602a8-5c8c-4c5e-88d9-f8b60bf4cd2d,0a0602a8-5c8c-4c5e-88d9-f8b60bf4cd2d,gp9RBPuTDkCfuM7BEb_IzQ,d7o70ttTskORC2J1WRlTuQ,6,11,,0
2026-09-24,UT,Box Elder,Northridge,2,1,0,0,contest-box,https://www.maxpreps.com/ut/soccer/girls/match/box-elder-brigham-city-vs-northridge-layton/9-24-2026/?c=2f150830-5223-442e-94ce-72432ee9840b,2f150830-5223-442e-94ce-72432ee9840b,0SBsTFySgU21WIhalXEU5g,8aU3aN5kiEyMyiHI36acgQ,15,,,0
2026-09-24,UT,Cedar,Snow Canyon,1,0,0,0,contest-box,https://www.maxpreps.com/ut/soccer/girls/match/cedar-cedar-city-vs-snow-canyon-st-george/9-24-2026/?c=073a1538-d038-4e8e-8a63-9f231ee86356,073a1538-d038-4e8e-8a63-9f231ee86356,epqAqJIXWU6BFUbmpp69ig,Pd0LBY79vkOqJVvNCMHVfQ,,25,,0
2026-09-24,UT,Copper Hills,Salt Lake Academy,5,0,0,0,contest-box,https://www.maxpreps.com/ut/soccer/girls/match/copper-hills-west-jordan-vs-salt-lake-academy-herriman/9-24-2026/?c=3375aea4-928f-461d-b0ec-8a465562998f,3375aea4-928f-461d-b0ec-8a465562998f,dz5TL8IJY0OLcjEyFH2sVQ,ULD7YC0by0CENSv4S97SPA,,,,0
2026-09-24,UT,Cyprus,Hunter,5,0,0,0,contest-box,https://www.maxpreps.com/ut/soccer/girls/match/cyprus-magna-vs-hunter-west-valley-city/9-24-2026/?c=f0ee351f-5327-483f-bf43-0ad734a8a52f,f0ee351f-5327-483f-bf43-0ad734a8a52f,5kaVdvKpJkyz4KyhLAp2JQ,wbAV7pAD4UiLfonNnDT19w,,,,0
2026-09-24,UT,Delta,Juab,0,1,0,0,contest-box,https://www.maxpreps.com/ut/soccer/girls/match/delta-vs-juab-nephi/9-24-2026/?c=fa7e8391-dd6c-4d99-8985-364dd42a02b9,fa7e8391-dd6c-4d99-8985-364dd42a02b9,2waxi2_uMUmULPI-C4W2rg,dUvS7F01UUindP8SuMI6qg,,,,0
2026-09-24,UT,Dixie,Desert Hills,2,3,0,0,contest-box,https://www.maxpreps.com/ut/soccer/girls/match/desert-hills-st-george-vs-dixie-st-george/9-24-2026/?c=70edf9f5-25f1-425e-b278-3d62184da58d,70edf9f5-25f1-425e-b278-3d62184da58d,SByCRbMV5k2Eu2sWwFKK3A,aXsjChoH6Eaq8uFvvNvkvA,,23,,0
2026-09-24,UT,Draper APA,St. Joseph,0,1,0,0,contest-box,https://www.maxpreps.com/ut/soccer/girls/match/draper-apa-vs-st-joseph-ogden/9-24-2026/?c=a7d04987-adeb-498c-8077-07930f7c4976,a7d04987-adeb-498c-8077-07930f7c4976,w-XMMLAxU0S0iUqhvxjCDQ,ojCwmUEcV0qyZBT6zyI_Vg,,,,0
2026-09-24,UT,Emery,North Sanpete,1,3,0,0,contest-box,https://www.maxpreps.com/ut/soccer/girls/match/emery-castle-dale-vs-north-sanpete-mt-pleasant/9-24-2026/?c=4e10e2ed-6433-4d74-bf0f-e530e8defcc7,4e10e2ed-6433-4d74-bf0f-e530e8defcc7,Bos_J2uWu0KpBMuw8n3XvA,VUyQmU-xsEC1C1CBc44gpg,,,,0
2026-09-24,UT,Farmington,Layton,4,1,0,0,contest-box,https://www.maxpreps.com/ut/soccer/girls/match/farmington-vs-layton/9-24-2026/?c=b2112f16-b8b9-417a-a94c-5a23433dc5bc,b2112f16-b8b9-417a-a94c-5a23433dc5bc,W5P6ZrIVD0qEpbRC4uHfDg,yYV_2EjmEkeUp5LoXBZ9og,10,,,0
2026-09-24,UT,Fremont,West Field,1,4,0,0,contest-box,https://www.maxpreps.com/ut/soccer/girls/match/fremont-plain-city-vs-west-field-taylor/9-24-2026/?c=75d04e24-4d05-4c00-816e-0b6bebb2232f,75d04e24-4d05-4c00-816e-0b6bebb2232f,VCdl3-YaU0W-8yHRuLj4bg,J4BV14XsU0mbm_lDh2kzHw,,,,0
2026-09-24,UT,Grand County,Millard,4,3,0,0,contest-box,https://www.maxpreps.com/ut/soccer/girls/match/grand-county-moab-vs-millard-fillmore/9-24-2026/?c=99d89433-f0e2-4e95-8d90-859598724ef8,99d89433-f0e2-4e95-8d90-859598724ef8,GiB8Xpczq0OcdwUsMRpm0Q,tG05w1fT8EWcQYN2P3gbfA,,,,0
2026-09-24,UT,Granger,Hillcrest,3,2,0,0,contest-box,https://www.maxpreps.com/ut/soccer/girls/match/granger-west-valley-city-vs-hillcrest-midvale/9-24-2026/?c=423e9b15-638a-4a0a-a9d2-0a5de167e26b,423e9b15-638a-4a0a-a9d2-0a5de167e26b,7ItcFlSYIkapzWDQ83q5lA,gtdtvRkPcE2cO8-2VCtkig,,,,0
2026-09-24,UT,Gunnison Valley,Beaver,2,5,0,0,contest-box,https://www.maxpreps.com/ut/soccer/girls/match/beaver-vs-gunnison-valley/9-24-2026/?c=11e2e958-fa8c-4e18-a6be-8106207bd88b,11e2e958-fa8c-4e18-a6be-8106207bd88b,9vXe0yo80Eqv69sZ2zs_ng,h0e_0l5RKki2YHjIK42s8Q,,,,0
2026-09-24,UT,Herriman,Cedar Valley,0,3,0,0,contest-box,https://www.maxpreps.com/ut/soccer/girls/match/cedar-valley-eagle-mountain-vs-herriman-west-herriman/9-24-2026/?c=92b95444-3bca-4cb2-8ae5-78eb86df9075,92b95444-3bca-4cb2-8ae5-78eb86df9075,wXAir_SbY0eRABmtlEcktQ,WlVT69X3b0WPe7a37tOPkA,,,,0
2026-09-24,UT,Highland,Juan Diego Catholic,4,0,0,0,contest-box,https://www.maxpreps.com/ut/soccer/girls/match/highland-salt-lake-city-vs-juan-diego-catholic-draper/9-24-2026/?c=b9065724-58a4-4620-97cd-2f7ec776a68f,b9065724-58a4-4620-97cd-2f7ec776a68f,n7DWjEgWxU-uxmTKUl-ieg,rUZA3kk53ESdn4Gr2gfpeA,,,,0
2026-09-24,UT,Hurricane,Pine View,4,1,0,0,contest-box,https://www.maxpreps.com/ut/soccer/girls/match/hurricane-vs-pine-view-st-george/9-24-2026/?c=5bed9f46-84bf-4990-9ffb-e7ae6d49d491,5bed9f46-84bf-4990-9ffb-e7ae6d49d491,wZ-UCnEcOE6HRic5HUnC2A,4LMSCP6jxEya7MYQ-odqLQ,,,,0
2026-09-24,UT,Judge Memorial Catholic,East,0,2,0,0,contest-box,https://www.maxpreps.com/ut/soccer/girls/match/east-salt-lake-city-vs-judge-memorial-catholic-salt-lake-city/9-24-2026/?c=35dfd325-6f73-4528-901f-d1c45fd24acf,35dfd325-6f73-4528-901f-d1c45fd24acf,tv2UWXQ6UUydRA7utC1O4Q,2C75q91bQE-BvgyPOTV8_w,,17,,0
2026-09-24,UT,Logan,Grantsville,1,4,0,0,contest-box,https://www.maxpreps.com/ut/soccer/girls/match/grantsville-vs-logan/9-24-2026/?c=8d85b037-808c-4a67-bad5-14e3bbfb3611,8d85b037-808c-4a67-bad5-14e3bbfb3611,WjLZnjAXY0G52j7wK2anow,oRzWdW4T806uW6T6lZEj8A,,,,0
2026-09-24,UT,Lone Peak,Corner Canyon,1,1,0,0,contest-box,https://www.maxpreps.com/ut/soccer/girls/match/corner-canyon-draper-vs-lone-peak-highland/9-24-2026/?c=b483697e-e296-4a38-96c7-2d8401f535e3,b483697e-e296-4a38-96c7-2d8401f535e3,Wd-65503zEOodZOL3GB_LQ,as5NfsG3mk2VnIks1LIn3w,1,20,home,0
2026-09-24,UT,Maeser Prep Academy,UMACW,13,0,0,0,contest-box,https://www.maxpreps.com/ut/soccer/girls/match/maeser-prep-academy-lindon-vs-utah-military-academy-camp-williams-lehi/9-24-2026/?c=10426f52-5695-4d4d-97a2-dae90f6dcaea,10426f52-5695-4d4d-97a2-dae90f6dcaea,gLZnKJDlyE2I_Bh44UeetA,uqmTTZhXv0eLmYmRyVKpvw,,,,0
2026-09-24,UT,Manti,Carbon,3,0,0,0,contest-box,https://www.maxpreps.com/ut/soccer/girls/match/carbon-price-vs-manti/9-24-2026/?c=00e0874b-d8b2-4e9a-a0a5-b1c3136cbfb6,00e0874b-d8b2-4e9a-a0a5-b1c3136cbfb6,VolHRBzydEWz9sXwLRnHQQ,gthncdwH2UGfCZTIABdUxQ,12,,,0
2026-09-24,UT,Maple Mountain,Spanish Fork,3,1,0,0,contest-box,https://www.maxpreps.com/ut/soccer/girls/match/maple-mountain-spanish-fork-vs-spanish-fork/9-24-2026/?c=ff0d72de-6f7a-4c6b-90ec-c53cb0f26d35,ff0d72de-6f7a-4c6b-90ec-c53cb0f26d35,7LyIC7MdBE2-cpDIW2ubAg,iDNn5k1wEkGUq8u994wbhg,9,,,0
2026-09-24,UT,Morgan,Ogden,2,3,0,0,contest-box,https://www.maxpreps.com/ut/soccer/girls/match/morgan-vs-ogden/9-24-2026/?c=3472d60c-5730-40dd-abc0-14860c525390,3472d60c-5730-40dd-abc0-14860c525390,eJHY5fS2DE6RSrs2YUK4vw,uQRraPnHgUWU_D4qRt5R6A,,,,0
2026-09-24,UT,Mountain Crest,Green Canyon,0,2,0,0,contest-box,https://www.maxpreps.com/ut/soccer/girls/match/green-canyon-wolfpack-north-logan-vs-mountain-crest-hyrum/9-24-2026/?c=785ed823-3f32-4333-a5e5-e6b3148839c1,785ed823-3f32-4333-a5e5-e6b3148839c1,7L0kx5wiBUajGrJLhG15yQ,gLQMMvp1_UCJpU48fSLqSg,,4,,0
2026-09-24,UT,Mountain View,Provo,1,0,0,0,contest-box,https://www.maxpreps.com/ut/soccer/girls/match/mountain-view-orem-vs-provo/9-24-2026/?c=49c7e038-7a0b-4a88-a09a-3f14f24cf5d1,49c7e038-7a0b-4a88-a09a-3f14f24cf5d1,1p0RST-Bh0ad4pNn-2kTnQ,tHi7es56h0WUF4-rafUxCA,14,,,0
2026-09-24,UT,Orem,Timpanogos,2,1,0,0,contest-box,https://www.maxpreps.com/ut/soccer/girls/match/orem-vs-timpanogos-orem/9-24-2026/?c=a18e8bed-8736-46b0-8f41-f6c32f27aa22,a18e8bed-8736-46b0-8f41-f6c32f27aa22,SoWWbqQ8u0SmsImc-E36PQ,6hy10Uri6U2qCRt8vHtDUA,,,,0
2026-09-24,UT,Park City,Murray,5,0,0,0,contest-box,https://www.maxpreps.com/ut/soccer/girls/match/murray-vs-park-city/9-24-2026/?c=548f9a63-af0f-4dc8-bd54-df8c44355cba,548f9a63-af0f-4dc8-bd54-df8c44355cba,ALVZRgM-6UeCwdgAHFA1bw,6ZoPz6Kv90iP3duo40HrZA,2,,,0
2026-09-24,UT,Parowan,Enterprise,1,2,0,0,contest-box,https://www.maxpreps.com/ut/soccer/girls/match/enterprise-vs-parowan/9-24-2026/?c=a0e160b8-16a5-4023-bc71-40c74a5a753f,a0e160b8-16a5-4023-bc71-40c74a5a753f,xBgZr-cSTkS0Cwg7HQSmrg,TMtlPq-joECmYu-slufHKQ,,,,0
2026-09-24,UT,Pleasant Grove,Timpview,1,2,0,0,contest-box,https://www.maxpreps.com/ut/soccer/girls/match/pleasant-grove-vs-timpview-provo/9-24-2026/?c=5f4cfbde-6097-453b-91e9-3cdc9cda2c6f,5f4cfbde-6097-453b-91e9-3cdc9cda2c6f,oFlF5I7CckK4gEE8o0M-qQ,szh6QyUMT0y47k3WDJY0kA,19,22,,0
2026-09-24,UT,Richfield,Providence Hall,8,0,0,0,contest-box,https://www.maxpreps.com/ut/soccer/girls/match/providence-hall-herriman-vs-richfield/9-24-2026/?c=9a9d2429-b613-4a2c-8628-137c00ae4494,9a9d2429-b613-4a2c-8628-137c00ae4494,EkE7d-kpBkyNzLAyIZ3Ybw,nC5WzLRyyES8OQ9bomMbDQ,,,,0
2026-09-24,UT,Ridgeline,Deseret Peak,7,0,0,0,contest-box,https://www.maxpreps.com/ut/soccer/girls/match/deseret-peak-tooele-vs-ridgeline-millville/9-24-2026/?c=e45c0852-2d5c-45e1-851e-d79e6a6573d7,e45c0852-2d5c-45e1-851e-d79e6a6573d7,ZdVdGaxSmkmKUW5abKOxYQ,POr_JTykwU-SmHKbACjH2g,16,,,0
2026-09-24,UT,Riverton,Mountain Ridge,1,2,0,0,contest-box,https://www.maxpreps.com/ut/soccer/girls/match/mountain-ridge-herriman-vs-riverton/9-24-2026/?c=eaa944d1-d499-4116-b217-52c8fe591553,eaa944d1-d499-4116-b217-52c8fe591553,A0ehELDkQUqAYDQnLNO9Hg,ljgQY2ykzkeLXP5Uw6rUlA,,,,0
2026-09-24,UT,Rowland Hall,Waterford,0,2,0,0,contest-box,https://www.maxpreps.com/ut/soccer/girls/match/rowland-hall-salt-lake-city-vs-waterford-sandy/9-24-2026/?c=914f47e0-1243-4683-a0a2-9055a2a7311a,914f47e0-1243-4683-a0a2-9055a2a7311a,hT4q4iptykiPRlFSmcfcFA,iYScz0lKmUqmVT_al-YcrA,,,,0
2026-09-24,UT,Roy,Clearfield,1,3,0,0,contest-box,https://www.maxpreps.com/ut/soccer/girls/match/clearfield-vs-roy/9-24-2026/?c=9631ad34-a3b1-4c8b-8865-edbeafd66844,9631ad34-a3b1-4c8b-8865-edbeafd66844,Ug41sf7tgEGqZrYBNaaKzA,szv6Ia2yJ0GYwLahjBqswA,,,,0
2026-09-24,UT,San Juan,South Sevier,4,0,0,0,contest-box,https://www.maxpreps.com/ut/soccer/girls/match/san-juan-blanding-vs-south-sevier-monroe/9-24-2026/?c=30b9c848-760e-4694-9c61-8b1598e901af,30b9c848-760e-4694-9c61-8b1598e901af,yx311UctvUKv4xx_Cd-dfA,Jur801Co7Ua6fnty0xbW3w,,,,0
2026-09-24,UT,Skyline,Woods Cross,1,0,0,0,contest-box,https://www.maxpreps.com/ut/soccer/girls/match/skyline-salt-lake-city-vs-woods-cross/9-24-2026/?c=bc04a97f-5fbd-4898-88ff-70f379cff10d,bc04a97f-5fbd-4898-88ff-70f379cff10d,dHHlIoYsbEmZybAkuFfL4A,AP9OOlVsw0SpBYPbGVqDgQ,,,,0
2026-09-24,UT,Skyridge,Lehi,0,5,0,0,contest-box,https://www.maxpreps.com/ut/soccer/girls/match/lehi-vs-skyridge-lehi/9-24-2026/?c=0f53a6eb-7141-4df8-9ef1-8c91ceb43d6b,0f53a6eb-7141-4df8-9ef1-8c91ceb43d6b,VwsPSpAaGkyHOF7QvWG_nQ,tRUDUc9j1EKttvW-pMY7rQ,,21,,0
2026-09-24,UT,South Summit,UMAHF,2,1,0,0,contest-box,https://www.maxpreps.com/ut/soccer/girls/match/south-summit-kamas-vs-utah-military-academy-hill-field-riverdale/9-24-2026/?c=a9aee068-16d6-4d4a-ac04-68851e7c9ef4,a9aee068-16d6-4d4a-ac04-68851e7c9ef4,Me75bEeZiEKNebC6Fz3aBw,o6eI4jTKeUCG7W8MiBI09Q,,,,0
2026-09-24,UT,Summit Academy,Deer Creek,0,7,0,0,contest-box,https://www.maxpreps.com/ut/soccer/girls/match/deer-creek-heber-city-vs-summit-academy-bluffdale/9-24-2026/?c=88ebf268-74f6-44f3-9c61-6a4d2b158308,88ebf268-74f6-44f3-9c61-6a4d2b158308,8q3vmVwvAkeHeTPVEoL7DA,e-jFFn_fNkK1b503lTHGQQ,,,,0
2026-09-24,UT,Syracuse,Davis,1,0,0,0,contest-box,https://www.maxpreps.com/ut/soccer/girls/match/davis-kaysville-vs-syracuse/9-24-2026/?c=adf6b01c-4918-4e68-bd3b-d62eff59c53e,adf6b01c-4918-4e68-bd3b-d62eff59c53e,uA7JayF8AkmMCgHdXNdYaw,umZnjYyiz0-OFLZYQiT9mw,18,5,,0
2026-09-24,UT,Taylorsville,Kearns,0,2,0,0,contest-box,https://www.maxpreps.com/ut/soccer/girls/match/kearns-vs-taylorsville/9-24-2026/?c=4f2af584-2d62-4f65-8ed6-2fe03a8fe72b,4f2af584-2d62-4f65-8ed6-2fe03a8fe72b,F_Mxeo3mH0CvCCVRj4PJPA,tif4SSihfE-eTHeOjNgcqw,,,,0
2026-09-24,UT,Wasatch,Uintah,2,0,0,0,contest-box,https://www.maxpreps.com/ut/soccer/girls/match/uintah-vernal-vs-wasatch-heber-city/9-24-2026/?c=b04e280b-f61c-4d2e-89ea-471cbeaf471d,b04e280b-f61c-4d2e-89ea-471cbeaf471d,p5TM_kxq9kWfUzREg1kDzg,A-vGTJ5dyEq97LSJmRt2ww,13,,,0
2026-09-24,UT,West,West Jordan,3,0,0,0,contest-box,https://www.maxpreps.com/ut/soccer/girls/match/west-jordan-vs-west-salt-lake-city/9-24-2026/?c=e2a14ff8-6cf0-4597-ba68-3e7805097b0f,e2a14ff8-6cf0-4597-ba68-3e7805097b0f,z1E1xxuyd0G6i3NJAqCoIQ,JPzEnvfpC0ytQInOd7nuLQ,,,,0
2026-09-24,UT,Westlake,Bingham,0,3,0,0,contest-box,https://www.maxpreps.com/ut/soccer/girls/match/bingham-south-jordan-vs-westlake-saratoga-springs/9-24-2026/?c=446808bc-1be8-4332-9bfb-7a54640003f4,446808bc-1be8-4332-9bfb-7a54640003f4,h1tZDqJJvkWdYdYVSYZSWw,wDhzNoTXLkmoVMBs_GRHwQ,,,,0
2026-09-25,UT,Bonneville,Bingham,2,0,0,0,contest-box,https://www.maxpreps.com/ut/soccer/girls/match/bingham-south-jordan-vs-bonneville-washington-terrace/9-25-2026/?c=279e45b9-d606-4c8b-912a-0f7dc996bd3a,279e45b9-d606-4c8b-912a-0f7dc996bd3a,A5FbmWmy1kCQbK_104f4xw,wDhzNoTXLkmoVMBs_GRHwQ,24,,,0
2026-09-25,UT,Jordan,Cottonwood,8,,0,0,contest-box,https://www.maxpreps.com/ut/soccer/girls/match/cottonwood-salt-lake-city-vs-jordan-sandy/9-25-2026/?c=b3ea1a07-82c2-4b25-ad54-07165a713d37,b3ea1a07-82c2-4b25-ad54-07165a713d37,5U7a5pYpeEyNewmUbeHelg,5005CJLWE0yYhDV6yknTfA,,,,0
2026-09-25,UT,Springville,Salem Hills,1,2,0,0,contest-box,https://www.maxpreps.com/ut/soccer/girls/match/salem-hills-vs-springville/9-25-2026/?c=ae5afee2-9f06-42a8-aaa3-62b73e3194fa,ae5afee2-9f06-42a8-aaa3-62b73e3194fa,fjvhFKFTk0C2RT-vLhBjFQ,0qGZxmqQ9EebK3P_H5Hnhg,,,,0
2026-09-28,UT,Bear River,Stansbury,0,3,0,0,contest-box,https://www.maxpreps.com/ut/soccer/girls/match/bear-river-garland-vs-stansbury-stansbury-park/9-28-2026/?c=d0cecbc7-645b-40bf-8d9c-cc8470cf7da7,d0cecbc7-645b-40bf-8d9c-cc8470cf7da7,NGgliQsUlUezFT0g_n92Qg,NhooN9iDeEqgJK6LBqjY1Q,,,,0
2026-09-28,UT,Cottonwood,Highland,,0,0,0,contest-box,https://www.maxpreps.com/ut/soccer/girls/match/cottonwood-salt-lake-city-vs-highland-salt-lake-city/9-28-2026/?c=c59a2918-481f-4429-933b-a1b9c0567ed6,c59a2918-481f-4429-933b-a1b9c0567ed6,5005CJLWE0yYhDV6yknTfA,n7DWjEgWxU-uxmTKUl-ieg,,,,0
2026-09-28,UT,Green Canyon,Sky View,9,1,0,0,contest-box,https://www.maxpreps.com/ut/soccer/girls/match/green-canyon-wolfpack-north-logan-vs-sky-view-smithfield/9-28-2026/?c=134f569e-8b13-4d82-8d91-78c595215e79,134f569e-8b13-4d82-8d91-78c595215e79,gLQMMvp1_UCJpU48fSLqSg,Ads5JSH8vUSLmBdh-YVWTg,4,,,0
2026-09-28,UT,Jordan,East,0,5,0,0,contest-box,https://www.maxpreps.com/ut/soccer/girls/match/east-salt-lake-city-vs-jordan-sandy/9-28-2026/?c=4b040f37-8c56-4fea-82e8-fb095b7e7c80,4b040f37-8c56-4fea-82e8-fb095b7e7c80,5U7a5pYpeEyNewmUbeHelg,2C75q91bQE-BvgyPOTV8_w,,17,,0
2026-09-28,UT,Juan Diego Catholic,Park City,1,8,0,0,contest-box,https://www.maxpreps.com/ut/soccer/girls/match/juan-diego-catholic-draper-vs-park-city/9-28-2026/?c=13c64f4d-dee0-4295-80d6-2bdec15db58f,13c64f4d-dee0-4295-80d6-2bdec15db58f,rUZA3kk53ESdn4Gr2gfpeA,ALVZRgM-6UeCwdgAHFA1bw,,2,,0
2026-09-28,UT,Mountain Crest,Ridgeline,1,2,0,0,contest-box,https://www.maxpreps.com/ut/soccer/girls/match/mountain-crest-hyrum-vs-ridgeline-millville/9-28-2026/?c=9568bea4-51ff-40a2-bc91-848ca0c5657e,9568bea4-51ff-40a2-bc91-848ca0c5657e,7L0kx5wiBUajGrJLhG15yQ,ZdVdGaxSmkmKUW5abKOxYQ,,16,,0
2026-09-28,UT,Murray,Judge Memorial Catholic,0,4,0,0,contest-box,https://www.maxpreps.com/ut/soccer/girls/match/judge-memorial-catholic-salt-lake-city-vs-murray/9-28-2026/?c=ab399c7d-8692-4684-a390-193bf8ee052a,ab399c7d-8692-4684-a390-193bf8ee052a,6ZoPz6Kv90iP3duo40HrZA,tv2UWXQ6UUydRA7utC1O4Q,,,,0
2026-09-28,UT,Tooele,Deseret Peak,1,7,0,0,contest-box,https://www.maxpreps.com/ut/soccer/girls/match/deseret-peak-tooele-vs-tooele/9-28-2026/?c=92632aa4-7522-407b-a0d7-ec9b299fb5f5,92632aa4-7522-407b-a0d7-ec9b299fb5f5,DAuMdnY5AUO8s7vtaY8eOQ,POr_JTykwU-SmHKbACjH2g,,,,0
2026-09-29,UT,American Leadership Academy,American Heritage,2,3,0,0,contest-box,https://www.maxpreps.com/ut/soccer/girls/match/american-heritage-american-fork-vs-american-leadership-academy-spanish-fork/9-29-2026/?c=725dad32-b889-48d9-8486-7cb2132e1f09,725dad32-b889-48d9-8486-7cb2132e1f09,vamWny48nUyvwGsZjOV7iA,u_AxdR5CJ0CUbWPhzXh-pQ,,,,0
2026-09-29,UT,American Prep WV,Draper APA,0,7,0,0,contest-box,https://www.maxpreps.com/ut/soccer/girls/match/american-prep-wv-west-valley-city-vs-draper-apa/9-29-2026/?c=70f555bc-7aa5-45bd-a35e-2fcb01d4b513,70f555bc-7aa5-45bd-a35e-2fcb01d4b513,QfbajoUoqE6KmpaGJKIYxg,w-XMMLAxU0S0iUqhvxjCDQ,,,,0
2026-09-29,UT,Beaver,Enterprise,1,1,0,0,contest-box,https://www.maxpreps.com/ut/soccer/girls/match/beaver-vs-enterprise/9-29-2026/?c=e09b5d21-eebc-4ac7-a02f-390c2caee74b,e09b5d21-eebc-4ac7-a02f-390c2caee74b,h0e_0l5RKki2YHjIK42s8Q,TMtlPq-joECmYu-slufHKQ,,,away,0
2026-09-29,UT,Ben Lomond,Morgan,0,5,0,0,contest-box,https://www.maxpreps.com/ut/soccer/girls/match/ben-lomond-ogden-vs-morgan/9-29-2026/?c=986f347c-9e54-4026-b7d0-7bbd6ca6d457,986f347c-9e54-4026-b7d0-7bbd6ca6d457,XHyb82zTkEumpkG0wdDiVg,eJHY5fS2DE6RSrs2YUK4vw,,,,0
2026-09-29,UT,Bonneville,Northridge,2,0,0,0,contest-box,https://www.maxpreps.com/ut/soccer/girls/match/bonneville-washington-terrace-vs-northridge-layton/9-29-2026/?c=bf8e6491-ac41-4519-b233-9b6f7b1ddbd8,bf8e6491-ac41-4519-b233-9b6f7b1ddbd8,A5FbmWmy1kCQbK_104f4xw,8aU3aN5kiEyMyiHI36acgQ,24,,,0
2026-09-29,UT,Brighton,Alta,0,1,0,0,contest-box,https://www.maxpreps.com/ut/soccer/girls/match/alta-sandy-vs-brighton-salt-lake-city/9-29-2026/?c=dc4fc1ac-e4b1-49c3-9c73-84b7ec14f34b,dc4fc1ac-e4b1-49c3-9c73-84b7ec14f34b,d7o70ttTskORC2J1WRlTuQ,nJDp5m789UihkixEDnDCOQ,11,,,0
2026-09-29,UT,Carbon,Union,3,0,0,0,contest-box,https://www.maxpreps.com/ut/soccer/girls/match/carbon-price-vs-union-roosevelt/9-29-2026/?c=0b600502-a01e-4dd6-9ccf-73062ff9be97,0b600502-a01e-4dd6-9ccf-73062ff9be97,gthncdwH2UGfCZTIABdUxQ,WQTAUXyji06XfVOkLDovwA,,,,0
2026-09-29,UT,Cedar Valley,Bingham,2,1,0,0,contest-box,https://www.maxpreps.com/ut/soccer/girls/match/bingham-south-jordan-vs-cedar-valley-eagle-mountain/9-29-2026/?c=72d843da-166f-447a-a029-94d33054cb3e,72d843da-166f-447a-a029-94d33054cb3e,WlVT69X3b0WPe7a37tOPkA,wDhzNoTXLkmoVMBs_GRHwQ,,,,0
2026-09-29,UT,Crimson Cliffs,Dixie,2,0,0,0,contest-box,https://www.maxpreps.com/ut/soccer/girls/match/crimson-cliffs-washington-vs-dixie-st-george/9-29-2026/?c=9ac8ce6c-c03e-449a-a3cc-8b45c51aa8aa,9ac8ce6c-c03e-449a-a3cc-8b45c51aa8aa,Yr4Go1Cbi0yI68nKGZ42Uw,SByCRbMV5k2Eu2sWwFKK3A,3,,,0
2026-09-29,UT,Davis,Layton,4,2,0,0,contest-box,https://www.maxpreps.com/ut/soccer/girls/match/davis-kaysville-vs-layton/9-29-2026/?c=c2be3429-b363-46c3-91f3-fdbcc75bebde,c2be3429-b363-46c3-91f3-fdbcc75bebde,umZnjYyiz0-OFLZYQiT9mw,yYV_2EjmEkeUp5LoXBZ9og,5,,,0
2026-09-29,UT,Deer Creek,Uintah,3,3,0,0,contest-box,https://www.maxpreps.com/ut/soccer/girls/match/deer-creek-heber-city-vs-uintah-vernal/9-29-2026/?c=10b14d15-a48c-41e0-a2ae-67ef80f76ec9,10b14d15-a48c-41e0-a2ae-67ef80f76ec9,e-jFFn_fNkK1b503lTHGQQ,A-vGTJ5dyEq97LSJmRt2ww,,,away,0
2026-09-29,UT,Farmington,Weber,3,0,0,0,contest-box,https://www.maxpreps.com/ut/soccer/girls/match/farmington-vs-weber-pleasant-view/9-29-2026/?c=28428db8-69c8-46b2-ad18-a9f6d97bc457,28428db8-69c8-46b2-ad18-a9f6d97bc457,W5P6ZrIVD0qEpbRC4uHfDg,hIz6nK0FWkOCWu7w8OFOxw,10,,,0
2026-09-29,UT,Fremont,Box Elder,0,3,0,0,contest-box,https://www.maxpreps.com/ut/soccer/girls/match/box-elder-brigham-city-vs-fremont-plain-city/9-29-2026/?c=96822923-7439-46df-9619-b0edee673867,96822923-7439-46df-9619-b0edee673867,VCdl3-YaU0W-8yHRuLj4bg,0SBsTFySgU21WIhalXEU5g,,15,,0
2026-09-29,UT,Grantsville,Ogden,3,4,0,0,contest-box,https://www.maxpreps.com/ut/soccer/girls/match/grantsville-vs-ogden/9-29-2026/?c=65ef4bb7-c986-4266-b34a-ae28fac87d1e,65ef4bb7-c986-4266-b34a-ae28fac87d1e,oRzWdW4T806uW6T6lZEj8A,uQRraPnHgUWU_D4qRt5R6A,,,,0
2026-09-29,UT,Herriman,Westlake,4,0,0,0,contest-box,https://www.maxpreps.com/ut/soccer/girls/match/herriman-west-herriman-vs-westlake-saratoga-springs/9-29-2026/?c=d7f60fab-4db8-4ab9-be66-267065eebeef,d7f60fab-4db8-4ab9-be66-267065eebeef,wXAir_SbY0eRABmtlEcktQ,h1tZDqJJvkWdYdYVSYZSWw,,,,0
2026-09-29,UT,Hillcrest,Cyprus,6,0,0,0,contest-box,https://www.maxpreps.com/ut/soccer/girls/match/cyprus-magna-vs-hillcrest-midvale/9-29-2026/?c=d9acd49d-bfd1-4e11-92b1-cadf4f42f5b5,d9acd49d-bfd1-4e11-92b1-cadf4f42f5b5,gtdtvRkPcE2cO8-2VCtkig,5kaVdvKpJkyz4KyhLAp2JQ,,,,0
2026-09-29,UT,Hunter,Kearns,0,8,0,0,contest-box,https://www.maxpreps.com/ut/soccer/girls/match/hunter-west-valley-city-vs-kearns/9-29-2026/?c=b06c8df2-c944-46d8-bd9f-9a914c4aed3c,b06c8df2-c944-46d8-bd9f-9a914c4aed3c,wbAV7pAD4UiLfonNnDT19w,tif4SSihfE-eTHeOjNgcqw,,,,0
2026-09-29,UT,Juab,Canyon View,1,2,0,0,contest-box,https://www.maxpreps.com/ut/soccer/girls/match/canyon-view-cedar-city-vs-juab-nephi/9-29-2026/?c=9d6a6e4d-5f18-47c6-98c1-a1193de15c4d,9d6a6e4d-5f18-47c6-98c1-a1193de15c4d,dUvS7F01UUindP8SuMI6qg,pKaA2FCaWE2UytvY8keBbQ,,,,0
2026-09-29,UT,Lehi,Corner Canyon,0,2,0,0,contest-box,https://www.maxpreps.com/ut/soccer/girls/match/corner-canyon-draper-vs-lehi/9-29-2026/?c=67efdff7-394a-444c-9eba-cdefec2fa02d,67efdff7-394a-444c-9eba-cdefec2fa02d,tRUDUc9j1EKttvW-pMY7rQ,as5NfsG3mk2VnIks1LIn3w,21,20,,0
2026-09-29,UT,Lone Peak,American Fork,1,0,0,0,contest-box,https://www.maxpreps.com/ut/soccer/girls/match/american-fork-vs-lone-peak-highland/9-29-2026/?c=54b89dd7-efec-4b86-83b9-3509d850cff1,54b89dd7-efec-4b86-83b9-3509d850cff1,Wd-65503zEOodZOL3GB_LQ,saj8sDPEbEOr9lzA2920vQ,1,8,,0
2026-09-29,UT,Maeser Prep Academy,Waterford,1,0,0,0,contest-box,https://www.maxpreps.com/ut/soccer/girls/match/maeser-prep-academy-lindon-vs-waterford-sandy/9-29-2026/?c=48aa31d4-cae4-4c87-a203-53b0304371e9,48aa31d4-cae4-4c87-a203-53b0304371e9,gLZnKJDlyE2I_Bh44UeetA,iYScz0lKmUqmVT_al-YcrA,,,,0
2026-09-29,UT,Maple Mountain,Salem Hills,3,2,0,0,contest-box,https://www.maxpreps.com/ut/soccer/girls/match/maple-mountain-spanish-fork-vs-salem-hills/9-29-2026/?c=92943c96-1461-459c-a27a-c4a13ff130ce,92943c96-1461-459c-a27a-c4a13ff130ce,7LyIC7MdBE2-cpDIW2ubAg,0qGZxmqQ9EebK3P_H5Hnhg,9,,,0
2026-09-29,UT,Mountain Ridge,Copper Hills,2,2,0,0,contest-box,https://www.maxpreps.com/ut/soccer/girls/match/copper-hills-west-jordan-vs-mountain-ridge-herriman/9-29-2026/?c=cadd56af-1121-4c0c-9fd9-66b0e7271127,cadd56af-1121-4c0c-9fd9-66b0e7271127,ljgQY2ykzkeLXP5Uw6rUlA,dz5TL8IJY0OLcjEyFH2sVQ,,,away,0
2026-09-29,UT,Mountain View,Summit Academy,8,0,0,0,contest-box,https://www.maxpreps.com/ut/soccer/girls/match/mountain-view-orem-vs-summit-academy-bluffdale/9-29-2026/?c=93155852-0280-486d-aef9-1f0841e2c086,93155852-0280-486d-aef9-1f0841e2c086,1p0RST-Bh0ad4pNn-2kTnQ,8q3vmVwvAkeHeTPVEoL7DA,14,,,0
2026-09-29,UT,North Sanpete,Manti,0,8,0,0,contest-box,https://www.maxpreps.com/ut/soccer/girls/match/manti-vs-north-sanpete-mt-pleasant/9-29-2026/?c=6a63b944-932c-4d16-86af-79f14ab277c1,6a63b944-932c-4d16-86af-79f14ab277c1,VUyQmU-xsEC1C1CBc44gpg,VolHRBzydEWz9sXwLRnHQQ,,12,,0
2026-09-29,UT,Orem,Wasatch,0,3,0,0,contest-box,https://www.maxpreps.com/ut/soccer/girls/match/orem-vs-wasatch-heber-city/9-29-2026/?c=786c8bf7-a0a8-4e33-b423-837dbe69d414,786c8bf7-a0a8-4e33-b423-837dbe69d414,SoWWbqQ8u0SmsImc-E36PQ,p5TM_kxq9kWfUzREg1kDzg,,13,,0
2026-09-29,UT,Parowan,Gunnison Valley,4,0,0,0,contest-box,https://www.maxpreps.com/ut/soccer/girls/match/gunnison-valley-vs-parowan/9-29-2026/?c=8dbb76f3-6835-457e-aaf6-f8c5cf071cea,8dbb76f3-6835-457e-aaf6-f8c5cf071cea,xBgZr-cSTkS0Cwg7HQSmrg,9vXe0yo80Eqv69sZ2zs_ng,,,,0
2026-09-29,UT,Payson,Springville,0,2,0,0,contest-box,https://www.maxpreps.com/ut/soccer/girls/match/payson-vs-springville/9-29-2026/?c=6c4cd59c-e3fb-46e0-afc8-56628fec2287,6c4cd59c-e3fb-46e0-afc8-56628fec2287,HZOTMPfRb0yQ5UUkcXYQZw,fjvhFKFTk0C2RT-vLhBjFQ,,,,0
2026-09-29,UT,Pine View,Cedar,0,5,0,0,contest-box,https://www.maxpreps.com/ut/soccer/girls/match/cedar-cedar-city-vs-pine-view-st-george/9-29-2026/?c=ad3ce90f-b766-4789-ba61-285fe98a425d,ad3ce90f-b766-4789-ba61-285fe98a425d,4LMSCP6jxEya7MYQ-odqLQ,epqAqJIXWU6BFUbmpp69ig,,,,0
2026-09-29,UT,Pleasant Grove,Spanish Fork,3,0,0,0,contest-box,https://www.maxpreps.com/ut/soccer/girls/match/pleasant-grove-vs-spanish-fork/9-29-2026/?c=3f632cf5-cf18-485f-ac86-d856e9d3a829,3f632cf5-cf18-485f-ac86-d856e9d3a829,oFlF5I7CckK4gEE8o0M-qQ,iDNn5k1wEkGUq8u994wbhg,19,,,0
2026-09-29,UT,Providence Hall,Delta,1,3,0,0,contest-box,https://www.maxpreps.com/ut/soccer/girls/match/delta-vs-providence-hall-herriman/9-29-2026/?c=9c39e30c-c09d-47c7-88f3-6f4818ae9b0c,9c39e30c-c09d-47c7-88f3-6f4818ae9b0c,nC5WzLRyyES8OQ9bomMbDQ,2waxi2_uMUmULPI-C4W2rg,,,,0
2026-09-29,UT,Provo,Timpanogos,1,1,0,0,contest-box,https://www.maxpreps.com/ut/soccer/girls/match/provo-vs-timpanogos-orem/9-29-2026/?c=4b01acb2-ad80-4c6a-b39f-c6f6c1cb56c0,4b01acb2-ad80-4c6a-b39f-c6f6c1cb56c0,tHi7es56h0WUF4-rafUxCA,6hy10Uri6U2qCRt8vHtDUA,,,away,0
2026-09-29,UT,Salt Lake Academy,Riverton,2,1,0,0,contest-box,https://www.maxpreps.com/ut/soccer/girls/match/riverton-vs-salt-lake-academy-herriman/9-29-2026/?c=d0131f8f-a011-4a39-9025-5a58b93f1d81,d0131f8f-a011-4a39-9025-5a58b93f1d81,ULD7YC0by0CENSv4S97SPA,A0ehELDkQUqAYDQnLNO9Hg,,,,0
2026-09-29,UT,San Juan,Millard,3,1,0,0,contest-box,https://www.maxpreps.com/ut/soccer/girls/match/millard-fillmore-vs-san-juan-blanding/9-29-2026/?c=b0ce0662-8a9f-44fd-a4f0-481441aa2aad,b0ce0662-8a9f-44fd-a4f0-481441aa2aad,yx311UctvUKv4xx_Cd-dfA,tG05w1fT8EWcQYN2P3gbfA,,,,0
2026-09-29,UT,Skyline,Viewmont,1,2,0,0,contest-box,https://www.maxpreps.com/ut/soccer/girls/match/skyline-salt-lake-city-vs-viewmont-bountiful/9-29-2026/?c=8235cf18-6efd-4691-89eb-7921ea9ce7d8,8235cf18-6efd-4691-89eb-7921ea9ce7d8,dHHlIoYsbEmZybAkuFfL4A,Jn4kRvAczUe3Gk02GjwtCQ,,,,0
2026-09-29,UT,Snow Canyon,Desert Hills,2,0,0,0,contest-box,https://www.maxpreps.com/ut/soccer/girls/match/desert-hills-st-george-vs-snow-canyon-st-george/9-29-2026/?c=b6a8d3d9-3d99-4d3f-a057-df36027aa39e,b6a8d3d9-3d99-4d3f-a057-df36027aa39e,Pd0LBY79vkOqJVvNCMHVfQ,aXsjChoH6Eaq8uFvvNvkvA,25,23,,0
2026-09-29,UT,South Sevier,Grand County,4,5,0,0,contest-box,https://www.maxpreps.com/ut/soccer/girls/match/grand-county-moab-vs-south-sevier-monroe/9-29-2026/?c=d68ead9c-f83d-4d98-afaa-d503afd0ffcf,d68ead9c-f83d-4d98-afaa-d503afd0ffcf,Jur801Co7Ua6fnty0xbW3w,GiB8Xpczq0OcdwUsMRpm0Q,,,,0
2026-09-29,UT,St. Joseph,South Summit,2,0,0,0,contest-box,https://www.maxpreps.com/ut/soccer/girls/match/south-summit-kamas-vs-st-joseph-ogden/9-29-2026/?c=ec656192-79a9-4f1e-80b9-5917a1c23338,ec656192-79a9-4f1e-80b9-5917a1c23338,ojCwmUEcV0qyZBT6zyI_Vg,Me75bEeZiEKNebC6Fz3aBw,,,,0
2026-09-29,UT,UMACW,North Summit,6,5,0,0,contest-box,https://www.maxpreps.com/ut/soccer/girls/match/north-summit-coalville-vs-utah-military-academy-camp-williams-lehi/9-29-2026/?c=f185dca8-975e-4858-a5f1-13b22cbbc5dc,f185dca8-975e-4858-a5f1-13b22cbbc5dc,uqmTTZhXv0eLmYmRyVKpvw,Uh4QQ75ciE65D9KoAS0bGA,,,,0
2026-09-29,UT,UMAHF,Rowland Hall,2,5,0,0,contest-box,https://www.maxpreps.com/ut/soccer/girls/match/rowland-hall-salt-lake-city-vs-utah-military-academy-hill-field-riverdale/9-29-2026/?c=e3a9f9b6-a7db-4327-b70d-2217709d7a9d,e3a9f9b6-a7db-4327-b70d-2217709d7a9d,o6eI4jTKeUCG7W8MiBI09Q,hT4q4iptykiPRlFSmcfcFA,,,,0
2026-09-29,UT,West,Taylorsville,2,0,0,0,contest-box,https://www.maxpreps.com/ut/soccer/girls/match/taylorsville-vs-west-salt-lake-city/9-29-2026/?c=f94a5bbc-1a69-4a96-a0cd-4e4774e9b38e,f94a5bbc-1a69-4a96-a0cd-4e4774e9b38e,z1E1xxuyd0G6i3NJAqCoIQ,F_Mxeo3mH0CvCCVRj4PJPA,,,,0
2026-09-29,UT,West Field,Clearfield,2,0,0,0,contest-box,https://www.maxpreps.com/ut/soccer/girls/match/clearfield-vs-west-field-taylor/9-29-2026/?c=152aab62-ddc5-4377-8f66-f4ee527279fe,152aab62-ddc5-4377-8f66-f4ee527279fe,J4BV14XsU0mbm_lDh2kzHw,szv6Ia2yJ0GYwLahjBqswA,,,,0
2026-09-29,UT,West Jordan,Granger,0,4,0,0,contest-box,https://www.maxpreps.com/ut/soccer/girls/match/granger-west-valley-city-vs-west-jordan/9-29-2026/?c=4d472d88-2cdf-4070-ae48-dcfeb04a3da9,4d472d88-2cdf-4070-ae48-dcfeb04a3da9,JPzEnvfpC0ytQInOd7nuLQ,7ItcFlSYIkapzWDQ83q5lA,,,,0
2026-09-29,UT,Woods Cross,Olympus,1,1,0,0,contest-box,https://www.maxpreps.com/ut/soccer/girls/match/olympus-salt-lake-city-vs-woods-cross/9-29-2026/?c=de451c44-1f67-4586-b3b1-753da2b4374b,de451c44-1f67-4586-b3b1-753da2b4374b,AP9OOlVsw0SpBYPbGVqDgQ,7HjpjwfzpU6GkdCeGFVh_Q,,7,away,0
2026-09-30,UT,Deseret Peak,Mountain Crest,0,5,0,0,contest-box,https://www.maxpreps.com/ut/soccer/girls/match/deseret-peak-tooele-vs-mountain-crest-hyrum/9-30-2026/?c=b382752a-9137-4b56-8007-eb15b25184fc,b382752a-9137-4b56-8007-eb15b25184fc,POr_JTykwU-SmHKbACjH2g,7L0kx5wiBUajGrJLhG15yQ,,,,0
2026-09-30,UT,Gunnison Valley,South Sevier,0,1,0,0,contest-box,https://www.maxpreps.com/ut/soccer/girls/match/gunnison-valley-vs-south-sevier-monroe/9-30-2026/?c=94f23aee-efe3-4051-8547-0f2094d8adcb,94f23aee-efe3-4051-8547-0f2094d8adcb,9vXe0yo80Eqv69sZ2zs_ng,Jur801Co7Ua6fnty0xbW3w,,,,0
2026-09-30,UT,Ridgeline,Sky View,3,1,0,0,contest-box,https://www.maxpreps.com/ut/soccer/girls/match/ridgeline-millville-vs-sky-view-smithfield/9-30-2026/?c=70b5f8cb-9304-4b38-a253-244f76d585aa,70b5f8cb-9304-4b38-a253-244f76d585aa,ZdVdGaxSmkmKUW5abKOxYQ,Ads5JSH8vUSLmBdh-YVWTg,16,,,0
2026-09-30,UT,Tooele,Bear River,2,1,0,0,contest-box,https://www.maxpreps.com/ut/soccer/girls/match/bear-river-garland-vs-tooele/9-30-2026/?c=376cade8-23a3-4dc4-84f5-2c43eb2e128b,376cade8-23a3-4dc4-84f5-2c43eb2e128b,DAuMdnY5AUO8s7vtaY8eOQ,NGgliQsUlUezFT0g_n92Qg,,,,0
2026-10-01,UT,Alta,Woods Cross,1,0,0,0,contest-box,https://www.maxpreps.com/ut/soccer/girls/match/alta-sandy-vs-woods-cross/10-1-2026/?c=7cc989d9-6596-4c37-923d-2e8a5a58fe6b,7cc989d9-6596-4c37-923d-2e8a5a58fe6b,nJDp5m789UihkixEDnDCOQ,AP9OOlVsw0SpBYPbGVqDgQ,,,,0
2026-10-01,UT,American Leadership Academy,UMACW,8,0,0,0,contest-box,https://www.maxpreps.com/ut/soccer/girls/match/american-leadership-academy-spanish-fork-vs-utah-military-academy-camp-williams-lehi/10-1-2026/?c=f703fdd0-0be1-4a89-a8a8-836d8079e93b,f703fdd0-0be1-4a89-a8a8-836d8079e93b,vamWny48nUyvwGsZjOV7iA,uqmTTZhXv0eLmYmRyVKpvw,,,,0
2026-10-01,UT,Bountiful,Olympus,4,0,0,0,contest-box,https://www.maxpreps.com/ut/soccer/girls/match/bountiful-vs-olympus-salt-lake-city/10-1-2026/?c=e55a920f-1246-40e5-b9b8-11316c0a9efc,e55a920f-1246-40e5-b9b8-11316c0a9efc,gp9RBPuTDkCfuM7BEb_IzQ,7HjpjwfzpU6GkdCeGFVh_Q,6,7,,0
2026-10-01,UT,Box Elder,West Field,1,2,0,0,contest-box,https://www.maxpreps.com/ut/soccer/girls/match/box-elder-brigham-city-vs-west-field-taylor/10-1-2026/?c=e0a061bd-bed0-48f8-8e7e-e1f84c2bad20,e0a061bd-bed0-48f8-8e7e-e1f84c2bad20,0SBsTFySgU21WIhalXEU5g,J4BV14XsU0mbm_lDh2kzHw,15,,,0
2026-10-01,UT,Brighton,Skyline,3,1,0,0,contest-box,https://www.maxpreps.com/ut/soccer/girls/match/brighton-salt-lake-city-vs-skyline-salt-lake-city/10-1-2026/?c=6a3988a2-4879-4c47-8532-c1aa241decdc,6a3988a2-4879-4c47-8532-c1aa241decdc,d7o70ttTskORC2J1WRlTuQ,dHHlIoYsbEmZybAkuFfL4A,11,,,0
2026-10-01,UT,Cedar,Hurricane,3,2,0,0,contest-box,https://www.maxpreps.com/ut/soccer/girls/match/cedar-cedar-city-vs-hurricane/10-1-2026/?c=4174d8e3-a627-4785-a023-3be245090708,4174d8e3-a627-4785-a023-3be245090708,epqAqJIXWU6BFUbmpp69ig,wZ-UCnEcOE6HRic5HUnC2A,,,,0
2026-10-01,UT,Cedar Valley,Mountain Ridge,1,2,0,0,contest-box,https://www.maxpreps.com/ut/soccer/girls/match/cedar-valley-eagle-mountain-vs-mountain-ridge-herriman/10-1-2026/?c=3ceb6d5c-6e4c-4ea0-b346-bcafffbf869e,3ceb6d5c-6e4c-4ea0-b346-bcafffbf869e,WlVT69X3b0WPe7a37tOPkA,ljgQY2ykzkeLXP5Uw6rUlA,,,,0
2026-10-01,UT,Clearfield,Bonneville,0,3,0,0,contest-box,https://www.maxpreps.com/ut/soccer/girls/match/bonneville-washington-terrace-vs-clearfield/10-1-2026/?c=df4050f6-1349-45d3-abab-00fc04570aff,df4050f6-1349-45d3-abab-00fc04570aff,szv6Ia2yJ0GYwLahjBqswA,A5FbmWmy1kCQbK_104f4xw,,24,,0
2026-10-01,UT,Copper Hills,Herriman,5,4,0,0,contest-box,https://www.maxpreps.com/ut/soccer/girls/match/copper-hills-west-jordan-vs-herriman-west-herriman/10-1-2026/?c=6cc14989-9e23-43d0-b78c-f1fbed353117,6cc14989-9e23-43d0-b78c-f1fbed353117,dz5TL8IJY0OLcjEyFH2sVQ,wXAir_SbY0eRABmtlEcktQ,,,,0
2026-10-01,UT,Corner Canyon,American Fork,1,0,0,0,contest-box,https://www.maxpreps.com/ut/soccer/girls/match/american-fork-vs-corner-canyon-draper/10-1-2026/?c=54b50bfa-2243-4441-af8f-bf10b02568f9,54b50bfa-2243-4441-af8f-bf10b02568f9,as5NfsG3mk2VnIks1LIn3w,saj8sDPEbEOr9lzA2920vQ,20,8,,0
2026-10-01,UT,Cyprus,West Jordan,7,0,0,0,contest-box,https://www.maxpreps.com/ut/soccer/girls/match/cyprus-magna-vs-west-jordan/10-1-2026/?c=d60a9b95-8e89-4c1a-9493-6c82da0c2060,d60a9b95-8e89-4c1a-9493-6c82da0c2060,5kaVdvKpJkyz4KyhLAp2JQ,JPzEnvfpC0ytQInOd7nuLQ,,,,0
2026-10-01,UT,Desert Hills,Pine View,3,0,0,0,contest-box,https://www.maxpreps.com/ut/soccer/girls/match/desert-hills-st-george-vs-pine-view-st-george/10-1-2026/?c=5b4e1b91-c9b1-4532-b57b-fa146007b1cb,5b4e1b91-c9b1-4532-b57b-fa146007b1cb,aXsjChoH6Eaq8uFvvNvkvA,4LMSCP6jxEya7MYQ-odqLQ,23,,,0
2026-10-01,UT,Draper APA,American Heritage,0,5,0,0,contest-box,https://www.maxpreps.com/ut/soccer/girls/match/american-heritage-american-fork-vs-draper-apa/10-1-2026/?c=e41b1000-7436-407a-a622-bd8b38283a8a,e41b1000-7436-407a-a622-bd8b38283a8a,w-XMMLAxU0S0iUqhvxjCDQ,u_AxdR5CJ0CUbWPhzXh-pQ,,,,0
2026-10-01,UT,East,Cottonwood,5,0,0,0,contest-box,https://www.maxpreps.com/ut/soccer/girls/match/cottonwood-salt-lake-city-vs-east-salt-lake-city/10-1-2026/?c=f01aed8e-0e44-4221-859a-76863ca59c7d,f01aed8e-0e44-4221-859a-76863ca59c7d,2C75q91bQE-BvgyPOTV8_w,5005CJLWE0yYhDV6yknTfA,17,,,0
2026-10-01,UT,Grand County,Beaver,3,4,0,0,contest-box,https://www.maxpreps.com/ut/soccer/girls/match/beaver-vs-grand-county-moab/10-1-2026/?c=eaace8da-57c4-4147-a246-63a443944c2f,eaace8da-57c4-4147-a246-63a443944c2f,GiB8Xpczq0OcdwUsMRpm0Q,h0e_0l5RKki2YHjIK42s8Q,,,,0
2026-10-01,UT,Highland,Park City,1,4,0,0,contest-box,https://www.maxpreps.com/ut/soccer/girls/match/highland-salt-lake-city-vs-park-city/10-1-2026/?c=c4f24dea-43da-4725-bd89-cb6a84ab47fa,c4f24dea-43da-4725-bd89-cb6a84ab47fa,n7DWjEgWxU-uxmTKUl-ieg,ALVZRgM-6UeCwdgAHFA1bw,,2,,0
2026-10-01,UT,Jordan,Murray,2,1,0,0,contest-box,https://www.maxpreps.com/ut/soccer/girls/match/jordan-sandy-vs-murray/10-1-2026/?c=cb186940-29f0-4cdb-af79-6d655455c077,cb186940-29f0-4cdb-af79-6d655455c077,5U7a5pYpeEyNewmUbeHelg,6ZoPz6Kv90iP3duo40HrZA,,,,0
2026-10-01,UT,Juab,Providence Hall,6,0,0,0,contest-box,https://www.maxpreps.com/ut/soccer/girls/match/juab-nephi-vs-providence-hall-herriman/10-1-2026/?c=761bb0f9-0456-48f6-bc17-a630283dd408,761bb0f9-0456-48f6-bc17-a630283dd408,dUvS7F01UUindP8SuMI6qg,nC5WzLRyyES8OQ9bomMbDQ,,,,0
2026-10-01,UT,Judge Memorial Catholic,Juan Diego Catholic,7,2,0,0,contest-box,https://www.maxpreps.com/ut/soccer/girls/match/juan-diego-catholic-draper-vs-judge-memorial-catholic-salt-lake-city/10-1-2026/?c=5a34e81a-b24f-4138-a2cb-10949ad871e6,5a34e81a-b24f-4138-a2cb-10949ad871e6,tv2UWXQ6UUydRA7utC1O4Q,rUZA3kk53ESdn4Gr2gfpeA,,,,0
2026-10-01,UT,Kearns,Hillcrest,1,1,0,0,contest-box,https://www.maxpreps.com/ut/soccer/girls/match/hillcrest-midvale-vs-kearns/10-1-2026/?c=dd9cd64b-e1d0-408e-bfa1-2c62e247266b,dd9cd64b-e1d0-408e-bfa1-2c62e247266b,tif4SSihfE-eTHeOjNgcqw,gtdtvRkPcE2cO8-2VCtkig,,,away,0
2026-10-01,UT,Layton,Syracuse,3,2,0,0,contest-box,https://www.maxpreps.com/ut/soccer/girls/match/layton-vs-syracuse/10-1-2026/?c=e68369d5-83c8-4e31-9384-cb8ff1cdd1f0,e68369d5-83c8-4e31-9384-cb8ff1cdd1f0,yYV_2EjmEkeUp5LoXBZ9og,uA7JayF8AkmMCgHdXNdYaw,,18,,0
2026-10-01,UT,Lone Peak,Skyridge,3,1,0,0,contest-box,https://www.maxpreps.com/ut/soccer/girls/match/lone-peak-highland-vs-skyridge-lehi/10-1-2026/?c=1b873647-bf32-4740-bce5-58d5f7628f7b,1b873647-bf32-4740-bce5-58d5f7628f7b,Wd-65503zEOodZOL3GB_LQ,VwsPSpAaGkyHOF7QvWG_nQ,1,,,0
2026-10-01,UT,Manti,Emery,8,0,0,0,contest-box,https://www.maxpreps.com/ut/soccer/girls/match/emery-castle-dale-vs-manti/10-1-2026/?c=01a89596-a1e8-422e-b8e2-88193e4d9e47,01a89596-a1e8-422e-b8e2-88193e4d9e47,VolHRBzydEWz9sXwLRnHQQ,Bos_J2uWu0KpBMuw8n3XvA,12,,,0
2026-10-01,UT,Millard,Parowan,,,0,0,contest-box,https://www.maxpreps.com/ut/soccer/girls/match/millard-fillmore-vs-parowan/10-1-2026/?c=cdc804c2-01a0-4331-a7c9-81ad69e80759,cdc804c2-01a0-4331-a7c9-81ad69e80759,tG05w1fT8EWcQYN2P3gbfA,xBgZr-cSTkS0Cwg7HQSmrg,,,,0
2026-10-01,UT,Morgan,Logan,6,0,0,0,contest-box,https://www.maxpreps.com/ut/soccer/girls/match/logan-vs-morgan/10-1-2026/?c=ff09ccd2-9fd9-459f-a797-2d7d3fa1ade6,ff09ccd2-9fd9-459f-a797-2d7d3fa1ade6,eJHY5fS2DE6RSrs2YUK4vw,WjLZnjAXY0G52j7wK2anow,,,,0
2026-10-01,UT,Ogden,Ben Lomond,6,0,0,0,contest-box,https://www.maxpreps.com/ut/soccer/girls/match/ben-lomond-ogden-vs-ogden/10-1-2026/?c=86c07c99-4c26-4ffd-86af-e3482be7708b,86c07c99-4c26-4ffd-86af-e3482be7708b,uQRraPnHgUWU_D4qRt5R6A,XHyb82zTkEumpkG0wdDiVg,,,,0
2026-10-01,UT,Orem,Provo,2,3,0,0,contest-box,https://www.maxpreps.com/ut/soccer/girls/match/orem-vs-provo/10-1-2026/?c=20ded6ce-f25b-47ae-b425-8207ba5faa20,20ded6ce-f25b-47ae-b425-8207ba5faa20,SoWWbqQ8u0SmsImc-E36PQ,tHi7es56h0WUF4-rafUxCA,,,,0
2026-10-01,UT,Richfield,Canyon View,0,1,0,0,contest-box,https://www.maxpreps.com/ut/soccer/girls/match/canyon-view-cedar-city-vs-richfield/10-1-2026/?c=434dc252-21d5-4d1d-9803-95d68fb4b173,434dc252-21d5-4d1d-9803-95d68fb4b173,EkE7d-kpBkyNzLAyIZ3Ybw,pKaA2FCaWE2UytvY8keBbQ,,,,0
2026-10-01,UT,Riverton,Bingham,2,1,0,0,contest-box,https://www.maxpreps.com/ut/soccer/girls/match/bingham-south-jordan-vs-riverton/10-1-2026/?c=59998bc1-8212-459f-a7b6-4244bae8d0c8,59998bc1-8212-459f-a7b6-4244bae8d0c8,A0ehELDkQUqAYDQnLNO9Hg,wDhzNoTXLkmoVMBs_GRHwQ,,,,0
2026-10-01,UT,Rowland Hall,Maeser Prep Academy,0,8,0,0,contest-box,https://www.maxpreps.com/ut/soccer/girls/match/maeser-prep-academy-lindon-vs-rowland-hall-salt-lake-city/10-1-2026/?c=be03bf45-b488-4955-87e7-b46f345114ea,be03bf45-b488-4955-87e7-b46f345114ea,hT4q4iptykiPRlFSmcfcFA,gLZnKJDlyE2I_Bh44UeetA,,,,0
2026-10-01,UT,Roy,Fremont,2,6,0,0,contest-box,https://www.maxpreps.com/ut/soccer/girls/match/fremont-plain-city-vs-roy/10-1-2026/?c=ee1c9cc8-7040-42de-87c2-90739affc2b5,ee1c9cc8-7040-42de-87c2-90739affc2b5,Ug41sf7tgEGqZrYBNaaKzA,VCdl3-YaU0W-8yHRuLj4bg,,,,0
2026-10-01,UT,Snow Canyon,Crimson Cliffs,2,2,0,0,contest-box,https://www.maxpreps.com/ut/soccer/girls/match/crimson-cliffs-washington-vs-snow-canyon-st-george/10-1-2026/?c=4dc861ca-3f3f-4de5-9a3a-28aa7f94d10d,4dc861ca-3f3f-4de5-9a3a-28aa7f94d10d,Pd0LBY79vkOqJVvNCMHVfQ,Yr4Go1Cbi0yI68nKGZ42Uw,25,3,home,0
2026-10-01,UT,South Summit,American Prep WV,,,0,0,contest-box,https://www.maxpreps.com/ut/soccer/girls/match/american-prep-wv-west-valley-city-vs-south-summit-kamas/10-1-2026/?c=a35c75fb-00c3-4eb3-aea3-ababd0421482,a35c75fb-00c3-4eb3-aea3-ababd0421482,Me75bEeZiEKNebC6Fz3aBw,QfbajoUoqE6KmpaGJKIYxg,,,,0
2026-10-01,UT,Springville,Timpview,2,1,0,0,contest-box,https://www.maxpreps.com/ut/soccer/girls/match/springville-vs-timpview-provo/10-1-2026/?c=81ad9644-7d4c-432f-b911-47222052b634,81ad9644-7d4c-432f-b911-47222052b634,fjvhFKFTk0C2RT-vLhBjFQ,szh6QyUMT0y47k3WDJY0kA,,22,,0
2026-10-01,UT,Stansbury,Green Canyon,0,2,0,0,contest-box,https://www.maxpreps.com/ut/soccer/girls/match/green-canyon-wolfpack-north-logan-vs-stansbury-stansbury-park/10-1-2026/?c=e708bdb7-e3d9-4b19-a4f6-8827f711d0cf,e708bdb7-e3d9-4b19-a4f6-8827f711d0cf,NhooN9iDeEqgJK6LBqjY1Q,gLQMMvp1_UCJpU48fSLqSg,,4,,0
2026-10-01,UT,UMAHF,St. Joseph,1,3,0,0,contest-box,https://www.maxpreps.com/ut/soccer/girls/match/st-joseph-ogden-vs-utah-military-academy-hill-field-riverdale/10-1-2026/?c=04428a81-752c-4f28-aeb0-f58ad073b4e4,04428a81-752c-4f28-aeb0-f58ad073b4e4,o6eI4jTKeUCG7W8MiBI09Q,ojCwmUEcV0qyZBT6zyI_Vg,,,,0
2026-10-01,UT,Uintah,Mountain View,0,1,0,0,contest-box,https://www.maxpreps.com/ut/soccer/girls/match/mountain-view-orem-vs-uintah-vernal/10-1-2026/?c=0347b6ba-5b8b-4b70-9bdc-3f419d548c92,0347b6ba-5b8b-4b70-9bdc-3f419d548c92,A-vGTJ5dyEq97LSJmRt2ww,1p0RST-Bh0ad4pNn-2kTnQ,,14,,0
2026-10-01,UT,Union,North Sanpete,1,2,0,0,contest-box,https://www.maxpreps.com/ut/soccer/girls/match/north-sanpete-mt-pleasant-vs-union-roosevelt/10-1-2026/?c=a77e2b36-92ab-4ad0-baa3-0113e4a29b32,a77e2b36-92ab-4ad0-baa3-0113e4a29b32,WQTAUXyji06XfVOkLDovwA,VUyQmU-xsEC1C1CBc44gpg,,,,0
2026-10-01,UT,Wasatch,Deer Creek,5,1,0,0,contest-box,https://www.maxpreps.com/ut/soccer/girls/match/deer-creek-heber-city-vs-wasatch-heber-city/10-1-2026/?c=c81fa468-f781-42fd-804b-e857d528b9fb,c81fa468-f781-42fd-804b-e857d528b9fb,p5TM_kxq9kWfUzREg1kDzg,e-jFFn_fNkK1b503lTHGQQ,13,,,0
2026-10-01,UT,Waterford,North Summit,8,0,0,0,contest-box,https://www.maxpreps.com/ut/soccer/girls/match/north-summit-coalville-vs-waterford-sandy/10-1-2026/?c=45c14bee-a84b-4437-9f5b-955746a32c63,45c14bee-a84b-4437-9f5b-955746a32c63,iYScz0lKmUqmVT_al-YcrA,Uh4QQ75ciE65D9KoAS0bGA,,,,0
2026-10-01,UT,Weber,Davis,2,3,0,0,contest-box,https://www.maxpreps.com/ut/soccer/girls/match/davis-kaysville-vs-weber-pleasant-view/10-1-2026/?c=3221f583-ef76-441c-833e-cdb8255237b1,3221f583-ef76-441c-833e-cdb8255237b1,hIz6nK0FWkOCWu7w8OFOxw,umZnjYyiz0-OFLZYQiT9mw,,5,,0
2026-10-01,UT,Westlake,Salt Lake Academy,1,,0,0,contest-box,https://www.maxpreps.com/ut/soccer/girls/match/salt-lake-academy-herriman-vs-westlake-saratoga-springs/10-1-2026/?c=533aa162-9d12-4f1c-b11b-ec3486b7e67f,533aa162-9d12-4f1c-b11b-ec3486b7e67f,h1tZDqJJvkWdYdYVSYZSWw,ULD7YC0by0CENSv4S97SPA,,,,0
2026-10-02,UT,Granger,West,2,0,0,0,contest-box,https://www.maxpreps.com/ut/soccer/girls/match/granger-west-valley-city-vs-west-salt-lake-city/10-2-2026/?c=1e93dfe1-bd20-4368-ad5a-164cf6a36567,1e93dfe1-bd20-4368-ad5a-164cf6a36567,7ItcFlSYIkapzWDQ83q5lA,z1E1xxuyd0G6i3NJAqCoIQ,,,,0
2026-10-02,UT,Parowan,San Juan,1,4,0,0,contest-box,https://www.maxpreps.com/ut/soccer/girls/match/parowan-vs-san-juan-blanding/10-2-2026/?c=1803da6f-5159-415d-af40-49a0251b5a2f,1803da6f-5159-415d-af40-49a0251b5a2f,xBgZr-cSTkS0Cwg7HQSmrg,yx311UctvUKv4xx_Cd-dfA,,,,0
2026-10-02,UT,Pleasant Grove,Maple Mountain,1,2,0,0,contest-box,https://www.maxpreps.com/ut/soccer/girls/match/maple-mountain-spanish-fork-vs-pleasant-grove/10-2-2026/?c=84cf41e0-e954-4494-ae4b-46a670b8037e,84cf41e0-e954-4494-ae4b-46a670b8037e,oFlF5I7CckK4gEE8o0M-qQ,7LyIC7MdBE2-cpDIW2ubAg,19,9,,0
2026-10-02,UT,Salem Hills,Payson,2,0,0,0,contest-box,https://www.maxpreps.com/ut/soccer/girls/match/payson-vs-salem-hills/10-2-2026/?c=88996580-de62-4d8b-8840-dec07696a37b,88996580-de62-4d8b-8840-dec07696a37b,0qGZxmqQ9EebK3P_H5Hnhg,HZOTMPfRb0yQ5UUkcXYQZw,,,,0
2026-10-02,UT,South Summit,American Prep WV,9,0,0,0,contest-box,https://www.maxpreps.com/ut/soccer/girls/match/american-prep-wv-west-valley-city-vs-south-summit-kamas/10-2-2026/?c=758bdd1c-0a1a-4ea7-9518-5f99e067417a,758bdd1c-0a1a-4ea7-9518-5f99e067417a,Me75bEeZiEKNebC6Fz3aBw,QfbajoUoqE6KmpaGJKIYxg,,,,0
2026-10-03,UT,Enterprise,San Juan,1,1,0,0,contest-box,https://www.maxpreps.com/ut/soccer/girls/match/enterprise-vs-san-juan-blanding/10-3-2026/?c=b100a1d8-51d6-4479-a694-079becbec67d,b100a1d8-51d6-4479-a694-079becbec67d,TMtlPq-joECmYu-slufHKQ,yx311UctvUKv4xx_Cd-dfA,,,home,0
2026-10-03,UT,Viewmont,Bountiful,3,4,0,0,contest-box,https://www.maxpreps.com/ut/soccer/girls/match/bountiful-vs-viewmont-bountiful/10-3-2026/?c=565cb3fc-50a8-41f7-a279-54dcc9c8c0f9,565cb3fc-50a8-41f7-a279-54dcc9c8c0f9,Jn4kRvAczUe3Gk02GjwtCQ,gp9RBPuTDkCfuM7BEb_IzQ,,6,,0
